AE6EO-1,KI6MXP,2
AE6EO-1,KI6PUR,1
AE6EO-1,KI6PUW,4
AE6EO-1,KI6PVA,4
AE6EO-1,KI6VYM,4
AE6EO-1,KJ6AMM,1
AE6EO-1,KJ6MIN,4
AE6EO-1,KK6DZK,4
AE6EO-1,KK6EAW,4
AE6EO-1,KK6EKN,1
AE6EO-1,KK6LTH,4
AE6EO-1,KK6LTX,4
AE6EO-1,KK6LUA,4
AE6EO-1,KK6TOZ,4
AE6EO-1,KM6EEI,1
AE6EO-1,KM6I,4
AE6EO-1,KM6LTA,4
AE6EO-1,KN6BAW,4
AE6EO-1,KN6DSE,4
AE6EO-1,KN6EKC,1
AE6EO-1,KN6EKW,4
AE6EO-1,KN6GHD,4
AE6EO-1,KR6DD,4
AE6EO-1,KZ6DM,4
AE6EO-1,N6IDV,4
AE6EO-1,N6IHT,1
AE6EO-1,N9DK,1
AE6EO-1,NE5NA,4
AE6EO-1,WA1IAM,1
AE6EO-1,WU6K,1
AE6EO-3,KI6MXP,1
AE6EO-3,KI6PUR,1
AE6EO-3,KI6PUW,1
AE6EO-3,KI6PVA,4
AE6EO-3,KI6VYM,1
AE6EO-3,KJ6AMM,1
AE6EO-3,KJ6MIN,4
AE6EO-3,KK6DZK,4
AE6EO-3,KK6EAW,1
AE6EO-3,KK6EKN,1
AE6EO-3,KK6LTH,1
AE6EO-3,KK6LTX,4
AE6EO-3,KK6LUA,4
AE6EO-3,KK6TOZ,1
AE6EO-3,KM6EEI,1
AE6EO-3,KM6I,4
AE6EO-3,KM6LTA,1
AE6EO-3,KN6BAW,4
AE6EO-3,KN6DSE,4
AE6EO-3,KN6EKC,4
AE6EO-3,KN6EKW,4
AE6EO-3,KN6GHD,1
AE6EO-3,KR6DD,1
AE6EO-3,KZ6DM,1
AE6EO-3,N6IDV,1
AE6EO-3,N6IHT,1
AE6EO-3,N9DK,1
AE6EO-3,NE5NA,1
AE6EO-3,WA1IAM,1
AE6EO-3,WU6K,1
AG6SR,KI6MXP,3
AG6SR,KI6PUR,3
AG6SR,KI6PUW,3
AG6SR,KI6PVA,4
AG6SR,KI6VYM,4
AG6SR,KJ6AMM,2
AG6SR,KJ6MIN,4
AG6SR,KK6DZK,4
AG6SR,KK6EAW,2
AG6SR,KK6EKN,1
AG6SR,KK6LTH,3
AG6SR,KK6LTX,1
AG6SR,KK6LUA,3
AG6SR,KK6TOZ,3
AG6SR,KM6EEI,3
AG6SR,KM6I,3
AG6SR,KM6LTA,3
AG6SR,KN6BAW,4
AG6SR,KN6DSE,3
AG6SR,KN6EKC,3
AG6SR,KN6EKW,4
AG6SR,KN6GHD,3
AG6SR,KR6DD,3
AG6SR,KZ6DM,3
AG6SR,N6IDV,3
AG6SR,N6IHT,3
AG6SR,N9DK,3
AG6SR,NE5NA,1
AG6SR,WA1IAM,3
AG6SR,WU6K,3
AI6KG,KI6MXP,1
AI6KG,KI6PUR,1
AI6KG,KI6PUW,1
AI6KG,KI6PVA,1
AI6KG,KI6VYM,1
AI6KG,KJ6AMM,1
AI6KG,KJ6MIN,3
AI6KG,KK6DZK,1
AI6KG,KK6EAW,1
AI6KG,KK6EKN,1
AI6KG,KK6LTH,1
AI6KG,KK6LTX,4
AI6KG,KK6LUA,1
AI6KG,KK6TOZ,1
AI6KG,KM6EEI,2
AI6KG,KM6I,1
AI6KG,KM6LTA,1
AI6KG,KN6BAW,1
AI6KG,KN6DSE,1
AI6KG,KN6EKC,1
AI6KG,KN6EKW,1
AI6KG,KN6GHD,1
AI6KG,KR6DD,2
AI6KG,KZ6DM,1
AI6KG,N6IDV,1
AI6KG,N6IHT,1
AI6KG,N9DK,1
AI6KG,NE5NA,1
AI6KG,WA1IAM,1
AI6KG,WU6K,1
AI6SZ,KI6MXP,3
AI6SZ,KI6PUR,2
AI6SZ,KI6PUW,1
AI6SZ,KI6PVA,1
AI6SZ,KI6VYM,4
AI6SZ,KJ6AMM,1
AI6SZ,KJ6MIN,4
AI6SZ,KK6DZK,4
AI6SZ,KK6EAW,3
AI6SZ,KK6EKN,1
AI6SZ,KK6LTH,1
AI6SZ,KK6LTX,2
AI6SZ,KK6LUA,3
AI6SZ,KK6TOZ,3
AI6SZ,KM6EEI,1
AI6SZ,KM6I,1
AI6SZ,KM6LTA,2
AI6SZ,KN6BAW,1
AI6SZ,KN6DSE,1
AI6SZ,KN6EKC,3
AI6SZ,KN6EKW,4
AI6SZ,KN6GHD,3
AI6SZ,KR6DD,3
AI6SZ,KZ6DM,2
AI6SZ,N6IDV,2
AI6SZ,N6IHT,2
AI6SZ,N9DK,2
AI6SZ,NE5NA,2
AI6SZ,WA1IAM,2
AI6SZ,WU6K,2
AJ6JN,KI6MXP,1
AJ6JN,KI6PUR,1
AJ6JN,KI6PUW,1
AJ6JN,KI6PVA,2
AJ6JN,KI6VYM,2
AJ6JN,KJ6AMM,1
AJ6JN,KJ6MIN,4
AJ6JN,KK6DZK,1
AJ6JN,KK6EAW,3
AJ6JN,KK6EKN,1
AJ6JN,KK6LTH,1
AJ6JN,KK6LTX,2
AJ6JN,KK6LUA,2
AJ6JN,KK6TOZ,1
AJ6JN,KM6EEI,1
AJ6JN,KM6I,1
AJ6JN,KM6LTA,1
AJ6JN,KN6BAW,1
AJ6JN,KN6DSE,1
AJ6JN,KN6EKC,1
AJ6JN,KN6EKW,1
AJ6JN,KN6GHD,1
AJ6JN,KR6DD,2
AJ6JN,KZ6DM,1
AJ6JN,N6IDV,1
AJ6JN,N6IHT,1
AJ6JN,N9DK,1
AJ6JN,NE5NA,1
AJ6JN,WA1IAM,1
AJ6JN,WU6K,1
AJ6ME,KI6MXP,1
AJ6ME,KI6PUR,1
AJ6ME,KI6PUW,1
AJ6ME,KI6PVA,4
AJ6ME,KI6VYM,4
AJ6ME,KJ6AMM,1
AJ6ME,KJ6MIN,2
AJ6ME,KK6DZK,2
AJ6ME,KK6EAW,4
AJ6ME,KK6EKN,1
AJ6ME,KK6LTH,1
AJ6ME,KK6LTX,4
AJ6ME,KK6LUA,4
AJ6ME,KK6TOZ,1
AJ6ME,KM6EEI,4
AJ6ME,KM6I,2
AJ6ME,KM6LTA,1
AJ6ME,KN6BAW,1
AJ6ME,KN6DSE,2
AJ6ME,KN6EKC,1
AJ6ME,KN6EKW,2
AJ6ME,KN6GHD,1
AJ6ME,KR6DD,2
AJ6ME,KZ6DM,1
AJ6ME,N6IDV,4
AJ6ME,N6IHT,4
AJ6ME,N9DK,1
AJ6ME,NE5NA,4
AJ6ME,WA1IAM,4
AJ6ME,WU6K,2
AJ6XZ-12,KI6MXP,1
AJ6XZ-12,KI6PUR,1
AJ6XZ-12,KI6PUW,1
AJ6XZ-12,KI6PVA,4
AJ6XZ-12,KI6VYM,2
AJ6XZ-12,KJ6AMM,1
AJ6XZ-12,KJ6MIN,1
AJ6XZ-12,KK6DZK,2
AJ6XZ-12,KK6EAW,4
AJ6XZ-12,KK6EKN,1
AJ6XZ-12,KK6LTH,1
AJ6XZ-12,KK6LTX,1
AJ6XZ-12,KK6LUA,4
AJ6XZ-12,KK6TOZ,3
AJ6XZ-12,KM6EEI,4
AJ6XZ-12,KM6I,1
AJ6XZ-12,KM6LTA,1
AJ6XZ-12,KN6BAW,4
AJ6XZ-12,KN6DSE,1
AJ6XZ-12,KN6EKC,1
AJ6XZ-12,KN6EKW,1
AJ6XZ-12,KN6GHD,1
AJ6XZ-12,KR6DD,3
AJ6XZ-12,KZ6DM,1
AJ6XZ-12,N6IDV,4
AJ6XZ-12,N6IHT,4
AJ6XZ-12,N9DK,1
AJ6XZ-12,NE5NA,4
AJ6XZ-12,WA1IAM,4
AJ6XZ-12,WU6K,3
AJ6XZ-3,KI6MXP,1
AJ6XZ-3,KI6PUR,1
AJ6XZ-3,KI6PUW,1
AJ6XZ-3,KI6PVA,1
AJ6XZ-3,KI6VYM,4
AJ6XZ-3,KJ6AMM,1
AJ6XZ-3,KJ6MIN,4
AJ6XZ-3,KK6DZK,4
AJ6XZ-3,KK6EAW,2
AJ6XZ-3,KK6EKN,1
AJ6XZ-3,KK6LTH,2
AJ6XZ-3,KK6LTX,1
AJ6XZ-3,KK6LUA,1
AJ6XZ-3,KK6TOZ,2
AJ6XZ-3,KM6EEI,2
AJ6XZ-3,KM6I,4
AJ6XZ-3,KM6LTA,1
AJ6XZ-3,KN6BAW,4
AJ6XZ-3,KN6DSE,4
AJ6XZ-3,KN6EKC,2
AJ6XZ-3,KN6EKW,4
AJ6XZ-3,KN6GHD,1
AJ6XZ-3,KR6DD,3
AJ6XZ-3,KZ6DM,1
AJ6XZ-3,N6IDV,1
AJ6XZ-3,N6IHT,1
AJ6XZ-3,N9DK,1
AJ6XZ-3,NE5NA,2
AJ6XZ-3,WA1IAM,1
AJ6XZ-3,WU6K,1
K6FSH,KI6MXP,1
K6FSH,KI6PUR,1
K6FSH,KI6PUW,2
K6FSH,KI6PVA,1
K6FSH,KI6VYM,1
K6FSH,KJ6AMM,1
K6FSH,KJ6MIN,4
K6FSH,KK6DZK,2
K6FSH,KK6EAW,4
K6FSH,KK6EKN,1
K6FSH,KK6LTH,1
K6FSH,KK6LTX,1
K6FSH,KK6LUA,1
K6FSH,KK6TOZ,1
K6FSH,KM6EEI,2
K6FSH,KM6I,4
K6FSH,KM6LTA,1
K6FSH,KN6BAW,1
K6FSH,KN6DSE,1
K6FSH,KN6EKC,2
K6FSH,KN6EKW,1
K6FSH,KN6GHD,2
K6FSH,KR6DD,3
K6FSH,KZ6DM,1
K6FSH,N6IDV,1
K6FSH,N6IHT,1
K6FSH,N9DK,1
K6FSH,NE5NA,1
K6FSH,WA1IAM,1
K6FSH,WU6K,2
K6PAO,KI6MXP,3
K6PAO,KI6PUR,1
K6PAO,KI6PUW,1
K6PAO,KI6PVA,1
K6PAO,KI6VYM,4
K6PAO,KJ6AMM,1
K6PAO,KJ6MIN,4
K6PAO,KK6DZK,4
K6PAO,KK6EAW,4
K6PAO,KK6EKN,1
K6PAO,KK6LTH,1
K6PAO,KK6LTX,3
K6PAO,KK6LUA,4
K6PAO,KK6TOZ,4
K6PAO,KM6EEI,3
K6PAO,KM6I,4
K6PAO,KM6LTA,1
K6PAO,KN6BAW,4
K6PAO,KN6DSE,4
K6PAO,KN6EKC,3
K6PAO,KN6EKW,4
K6PAO,KN6GHD,4
K6PAO,KR6DD,4
K6PAO,KZ6DM,1
K6PAO,N6IDV,1
K6PAO,N6IHT,1
K6PAO,N9DK,2
K6PAO,NE5NA,1
K6PAO,WA1IAM,1
K6PAO,WU6K,3
K6ZJI,KI6MXP,3
K6ZJI,KI6PUR,1
K6ZJI,KI6PUW,1
K6ZJI,KI6PVA,1
K6ZJI,KI6VYM,2
K6ZJI,KJ6AMM,1
K6ZJI,KJ6MIN,3
K6ZJI,KK6DZK,4
K6ZJI,KK6EAW,4
K6ZJI,KK6EKN,2
K6ZJI,KK6LTH,1
K6ZJI,KK6LTX,2
K6ZJI,KK6LUA,1
K6ZJI,KK6TOZ,3
K6ZJI,KM6EEI,2
K6ZJI,KM6I,1
K6ZJI,KM6LTA,1
K6ZJI,KN6BAW,2
K6ZJI,KN6DSE,3
K6ZJI,KN6EKC,2
K6ZJI,KN6EKW,4
K6ZJI,KN6GHD,1
K6ZJI,KR6DD,3
K6ZJI,KZ6DM,1
K6ZJI,N6IDV,1
K6ZJI,N6IHT,1
K6ZJI,N9DK,1
K6ZJI,NE5NA,1
K6ZJI,WA1IAM,1
K6ZJI,WU6K,2
KA6MZE-1,KI6MXP,1
KA6MZE-1,KI6PUR,1
KA6MZE-1,KI6PUW,4
KA6MZE-1,KI6PVA,4
KA6MZE-1,KI6VYM,4
KA6MZE-1,KJ6AMM,1
KA6MZE-1,KJ6MIN,4
KA6MZE-1,KK6DZK,4
KA6MZE-1,KK6EAW,4
KA6MZE-1,KK6EKN,1
KA6MZE-1,KK6LTH,4
KA6MZE-1,KK6LTX,4
KA6MZE-1,KK6LUA,4
KA6MZE-1,KK6TOZ,4
KA6MZE-1,KM6EEI,3
KA6MZE-1,KM6I,4
KA6MZE-1,KM6LTA,4
KA6MZE-1,KN6BAW,4
KA6MZE-1,KN6DSE,4
KA6MZE-1,KN6EKC,3
KA6MZE-1,KN6EKW,2
KA6MZE-1,KN6GHD,4
KA6MZE-1,KR6DD,4
KA6MZE-1,KZ6DM,1
KA6MZE-1,N6IDV,4
KA6MZE-1,N6IHT,1
KA6MZE-1,N9DK,1
KA6MZE-1,NE5NA,4
KA6MZE-1,WA1IAM,1
KA6MZE-1,WU6K,1
KA6MZE-2,KI6MXP,1
KA6MZE-2,KI6PUR,1
KA6MZE-2,KI6PUW,1
KA6MZE-2,KI6PVA,4
KA6MZE-2,KI6VYM,4
KA6MZE-2,KJ6AMM,1
KA6MZE-2,KJ6MIN,4
KA6MZE-2,KK6DZK,4
KA6MZE-2,KK6EAW,4
KA6MZE-2,KK6EKN,1
KA6MZE-2,KK6LTH,1
KA6MZE-2,KK6LTX,2
KA6MZE-2,KK6LUA,4
KA6MZE-2,KK6TOZ,2
KA6MZE-2,KM6EEI,3
KA6MZE-2,KM6I,1
KA6MZE-2,KM6LTA,1
KA6MZE-2,KN6BAW,3
KA6MZE-2,KN6DSE,1
KA6MZE-2,KN6EKC,3
KA6MZE-2,KN6EKW,2
KA6MZE-2,KN6GHD,3
KA6MZE-2,KR6DD,3
KA6MZE-2,KZ6DM,1
KA6MZE-2,N6IDV,4
KA6MZE-2,N6IHT,4
KA6MZE-2,N9DK,1
KA6MZE-2,NE5NA,4
KA6MZE-2,WA1IAM,4
KA6MZE-2,WU6K,2
KD6KDL,KI6MXP,1
KD6KDL,KI6PUR,1
KD6KDL,KI6PUW,3
KD6KDL,KI6PVA,1
KD6KDL,KI6VYM,1
KD6KDL,KJ6AMM,2
KD6KDL,KJ6MIN,4
KD6KDL,KK6DZK,4
KD6KDL,KK6EAW,3
KD6KDL,KK6EKN,2
KD6KDL,KK6LTH,2
KD6KDL,KK6LTX,2
KD6KDL,KK6LUA,1
KD6KDL,KK6TOZ,2
KD6KDL,KM6EEI,3
KD6KDL,KM6I,1
KD6KDL,KM6LTA,2
KD6KDL,KN6BAW,3
KD6KDL,KN6DSE,3
KD6KDL,KN6EKC,3
KD6KDL,KN6EKW,4
KD6KDL,KN6GHD,2
KD6KDL,KR6DD,3
KD6KDL,KZ6DM,1
KD6KDL,N6IDV,1
KD6KDL,N6IHT,1
KD6KDL,N9DK,1
KD6KDL,NE5NA,1
KD6KDL,WA1IAM,1
KD6KDL,WU6K,1
KE6BJQ-1,KI6MXP,3
KE6BJQ-1,KI6PUR,2
KE6BJQ-1,KI6PUW,4
KE6BJQ-1,KI6PVA,4
KE6BJQ-1,KI6VYM,4
KE6BJQ-1,KJ6AMM,3
KE6BJQ-1,KJ6MIN,4
KE6BJQ-1,KK6DZK,4
KE6BJQ-1,KK6EAW,4
KE6BJQ-1,KK6EKN,1
KE6BJQ-1,KK6LTH,4
KE6BJQ-1,KK6LTX,1
KE6BJQ-1,KK6LUA,4
KE6BJQ-1,KK6TOZ,4
KE6BJQ-1,KM6EEI,3
KE6BJQ-1,KM6I,4
KE6BJQ-1,KM6LTA,4
KE6BJQ-1,KN6BAW,4
KE6BJQ-1,KN6DSE,4
KE6BJQ-1,KN6EKC,3
KE6BJQ-1,KN6EKW,3
KE6BJQ-1,KN6GHD,4
KE6BJQ-1,KR6DD,4
KE6BJQ-1,KZ6DM,4
KE6BJQ-1,N6IDV,4
KE6BJQ-1,N6IHT,2
KE6BJQ-1,N9DK,3
KE6BJQ-1,NE5NA,4
KE6BJQ-2,KI6MXP,3
KE6BJQ-2,KI6PUR,1
KE6BJQ-2,KI6PUW,1
KE6BJQ-2,KI6PVA,4
KE6BJQ-2,KI6VYM,4
KE6BJQ-2,KJ6AMM,1
KE6BJQ-2,KJ6MIN,2
KE6BJQ-2,KK6DZK,1
KE6BJQ-2,KK6EAW,4
KE6BJQ-2,KK6EKN,1
KE6BJQ-2,KK6LTH,1
KE6BJQ-2,KK6LTX,1
KE6BJQ-2,KK6LUA,4
KE6BJQ-2,KK6TOZ,3
KE6BJQ-2,KM6EEI,2
KE6BJQ-2,KM6I,1
KE6BJQ-2,KM6LTA,2
KE6BJQ-2,KN6BAW,1
KE6BJQ-2,KN6DSE,2
KE6BJQ-2,KN6EKC,1
KE6BJQ-2,KN6EKW,4
KE6BJQ-2,KN6GHD,3
KE6BJQ-2,KR6DD,3
KE6BJQ-2,KZ6DM,4
KE6BJQ-2,N6IDV,4
KE6BJQ-2,N6IHT,4
KE6BJQ-2,N9DK,4
KE6BJQ-2,NE5NA,4
KE7JAC,KI6MXP,1
KE7JAC,KI6PUR,1
KE7JAC,KI6PUW,3
KE7JAC,KI6PVA,3
KE7JAC,KI6VYM,1
KE7JAC,KJ6AMM,1
KE7JAC,KJ6MIN,2
KE7JAC,KK6DZK,4
KE7JAC,KK6EAW,4
KE7JAC,KK6EKN,3
KE7JAC,KK6LTH,2
KE7JAC,KK6LTX,2
KE7JAC,KK6LUA,3
KE7JAC,KK6TOZ,2
KE7JAC,KM6EEI,3
KE7JAC,KM6I,1
KE7JAC,KM6LTA,3
KE7JAC,KN6BAW,3
KE7JAC,KN6DSE,3
KE7JAC,KN6EKC,3
KE7JAC,KN6EKW,4
KE7JAC,KN6GHD,3
KE7JAC,KR6DD,3
KE7JAC,KZ6DM,1
KE7JAC,N6IDV,1
KE7JAC,N6IHT,1
KE7JAC,N9DK,1
KE7JAC,NE5NA,3
KF6ZSQ,KI6MXP,1
KF6ZSQ,KI6PUR,1
KF6ZSQ,KI6PUW,2
KF6ZSQ,KI6PVA,2
KF6ZSQ,KI6VYM,1
KF6ZSQ,KJ6AMM,1
KF6ZSQ,KJ6MIN,4
KF6ZSQ,KK6DZK,4
KF6ZSQ,KK6EAW,4
KF6ZSQ,KK6EKN,1
KF6ZSQ,KK6LTH,1
KF6ZSQ,KK6LTX,1
KF6ZSQ,KK6LUA,1
KF6ZSQ,KK6TOZ,1
KF6ZSQ,KM6EEI,2
KF6ZSQ,KM6I,4
KF6ZSQ,KM6LTA,1
KF6ZSQ,KN6BAW,2
KF6ZSQ,KN6DSE,1
KF6ZSQ,KN6EKC,1
KF6ZSQ,KN6EKW,2
KF6ZSQ,KN6GHD,1
KF6ZSQ,KR6DD,2
KF6ZSQ,KZ6DM,1
KF6ZSQ,N6IDV,1
KF6ZSQ,N6IHT,2
KF6ZSQ,N9DK,1
KF6ZSQ,NE5NA,1
KG6TNE,KI6MXP,2
KG6TNE,KI6PUR,3
KG6TNE,KI6PUW,3
KG6TNE,KI6PVA,1
KG6TNE,KI6VYM,4
KG6TNE,KJ6AMM,3
KG6TNE,KJ6MIN,4
KG6TNE,KK6DZK,4
KG6TNE,KK6EAW,1
KG6TNE,KK6EKN,1
KG6TNE,KK6LTH,3
KG6TNE,KK6LTX,1
KG6TNE,KK6LUA,3
KG6TNE,KK6TOZ,3
KG6TNE,KM6EEI,3
KG6TNE,KM6I,1
KG6TNE,KM6LTA,1
KG6TNE,KN6BAW,3
KG6TNE,KN6DSE,4
KG6TNE,KN6EKC,3
KG6TNE,KN6EKW,4
KG6TNE,KN6GHD,3
KG6TNE,KR6DD,3
KG6TNE,KZ6DM,2
KG6TNE,N6IDV,3
KG6TNE,N6IHT,3
KG6TNE,N9DK,3
KG6TNE,NE5NA,1
KG6VYI,KI6MXP,2
KG6VYI,KI6PUR,3
KG6VYI,KI6PUW,2
KG6VYI,KI6PVA,1
KG6VYI,KI6VYM,4
KG6VYI,KJ6AMM,1
KG6VYI,KJ6MIN,3
KG6VYI,KK6DZK,4
KG6VYI,KK6EAW,1
KG6VYI,KK6EKN,3
KG6VYI,KK6LTH,1
KG6VYI,KK6LTX,3
KG6VYI,KK6LUA,2
KG6VYI,KK6TOZ,3
KG6VYI,KM6EEI,3
KG6VYI,KM6I,2
KG6VYI,KM6LTA,3
KG6VYI,KN6BAW,4
KG6VYI,KN6DSE,1
KG6VYI,KN6EKC,3
KG6VYI,KN6EKW,1
KG6VYI,KN6GHD,3
KG6VYI,KR6DD,3
KG6VYI,KZ6DM,2
KG6VYI,N6IDV,2
KG6VYI,N6IHT,2
KG6VYI,N9DK,1
KG6VYI,NE5NA,2
KG6VYP,KI6MXP,3
KG6VYP,KI6PUR,3
KG6VYP,KI6PUW,3
KG6VYP,KI6PVA,4
KG6VYP,KI6VYM,4
KG6VYP,KJ6AMM,2
KG6VYP,KJ6MIN,4
KG6VYP,KK6DZK,4
KG6VYP,KK6EAW,4
KG6VYP,KK6EKN,2
KG6VYP,KK6LTH,2
KG6VYP,KK6LTX,3
KG6VYP,KK6LUA,4
KG6VYP,KK6TOZ,3
KG6VYP,KM6EEI,3
KG6VYP,KM6I,2
KG6VYP,KM6LTA,2
KG6VYP,KN6BAW,1
KG6VYP,KN6DSE,4
KG6VYP,KN6EKC,1
KG6VYP,KN6EKW,4
KG6VYP,KN6GHD,2
KG6VYP,KR6DD,3
KG6VYP,KZ6DM,2
KG6VYP,N6IDV,3
KG6VYP,N6IHT,3
KG6VYP,N9DK,3
KG6VYP,NE5NA,3
KG6VYQ,KI6MXP,4
KG6VYQ,KI6PUR,4
KG6VYQ,KI6PUW,4
KG6VYQ,KI6PVA,4
KG6VYQ,KI6VYM,4
KG6VYQ,KJ6AMM,4
KG6VYQ,KJ6MIN,4
KG6VYQ,KK6DZK,4
KG6VYQ,KK6EAW,4
KG6VYQ,KK6EKN,4
KG6VYQ,KK6LTH,4
KG6VYQ,KK6LTX,4
KG6VYQ,KK6LUA,4
KG6VYQ,KK6TOZ,4
KG6VYQ,KM6EEI,4
KG6VYQ,KM6I,4
KG6VYQ,KM6LTA,4
KG6VYQ,KN6BAW,4
KG6VYQ,KN6DSE,4
KG6VYQ,KN6EKC,4
KG6VYQ,KN6EKW,4
KG6VYQ,KN6GHD,4
KG6VYQ,KR6DD,3
KG6VYQ,KZ6DM,4
KG6VYQ,N6IDV,4
KG6VYQ,N6IHT,4
KG6VYQ,N9DK,4
KG6VYQ,NE5NA,4
KI6HLH,KI6MXP,1
KI6HLH,KI6PUR,1
KI6HLH,KI6PUW,2
KI6HLH,KI6PVA,2
KI6HLH,KI6VYM,1
KI6HLH,KJ6AMM,1
KI6HLH,KJ6MIN,1
KI6HLH,KK6DZK,1
KI6HLH,KK6EAW,3
KI6HLH,KK6EKN,1
KI6HLH,KK6LTH,1
KI6HLH,KK6LTX,2
KI6HLH,KK6LUA,1
KI6HLH,KK6TOZ,1
KI6HLH,KM6EEI,3
KI6HLH,KM6I,1
KI6HLH,KM6LTA,1
KI6HLH,KN6BAW,2
KI6HLH,KN6DSE,3
KI6HLH,KN6EKC,1
KI6HLH,KN6EKW,1
KI6HLH,KN6GHD,1
KI6HLH,KR6DD,3
KI6HLH,KZ6DM,1
KI6HLH,N6IDV,1
KI6HLH,N6IHT,1
KI6HLH,N9DK,1
KI6HLH,NE5NA,1
KI6LCP,KI6MXP,3
KI6LCP,KI6PUR,3
KI6LCP,KI6PUW,2
KI6LCP,KI6PVA,2
KI6LCP,KI6VYM,4
KI6LCP,KJ6AMM,1
KI6LCP,KJ6MIN,2
KI6LCP,KK6DZK,4
KI6LCP,KK6EAW,1
KI6LCP,KK6EKN,1
KI6LCP,KK6LTH,2
KI6LCP,KK6LTX,1
KI6LCP,KK6LUA,3
KI6LCP,KK6TOZ,3
KI6LCP,KM6EEI,3
KI6LCP,KM6I,2
KI6LCP,KM6LTA,1
KI6LCP,KN6BAW,1
KI6LCP,KN6DSE,3
KI6LCP,KN6EKC,2
KI6LCP,KN6EKW,2
KI6LCP,KN6GHD,3
KI6LCP,KR6DD,3
KI6LCP,KZ6DM,1
KI6LCP,N6IDV,1
KI6LCP,N6IHT,2
KI6LCP,N9DK,1
KI6LCP,NE5NA,1
KI6MXP,KI6MXP,99
KI6MXP,KI6PUR,1
KI6MXP,KI6PUW,1
KI6MXP,KI6PVA,3
KI6MXP,KI6VYM,1
KI6MXP,KJ6AMM,1
KI6MXP,KJ6MIN,1
KI6MXP,KK6DZK,1
KI6MXP,KK6EAW,1
KI6MXP,KK6EKN,1
KI6MXP,KK6LTH,1
KI6MXP,KK6LTX,1
KI6MXP,KK6LUA,1
KI6MXP,KK6TOZ,1
KI6MXP,KM6EEI,2
KI6MXP,KM6I,1
KI6MXP,KM6LTA,1
KI6MXP,KN6BAW,2
KI6MXP,KN6DSE,3
KI6MXP,KN6EKC,1
KI6MXP,KN6EKW,1
KI6MXP,KN6GHD,1
KI6MXP,KR6DD,1
KI6MXP,KZ6DM,1
KI6MXP,N6IDV,1
KI6MXP,N6IHT,1
KI6MXP,N9DK,1
KI6MXP,NE5NA,1
KI6PUR,KI6MXP,1
KI6PUR,KI6PUR,99
KI6PUR,KI6PUW,2
KI6PUR,KI6PVA,2
KI6PUR,KI6VYM,1
KI6PUR,KJ6AMM,1
KI6PUR,KJ6MIN,1
KI6PUR,KK6DZK,1
KI6PUR,KK6EAW,4
KI6PUR,KK6EKN,1
KI6PUR,KK6LTH,1
KI6PUR,KK6LTX,2
KI6PUR,KK6LUA,1
KI6PUR,KK6TOZ,1
KI6PUR,KM6EEI,3
KI6PUR,KM6I,1
KI6PUR,KM6LTA,2
KI6PUR,KN6BAW,3
KI6PUR,KN6DSE,1
KI6PUR,KN6EKC,1
KI6PUR,KN6EKW,1
KI6PUR,KN6GHD,1
KI6PUR,KR6DD,2
KI6PUR,KZ6DM,1
KI6PUR,N6IDV,1
KI6PUR,N6IHT,1
KI6PUR,N9DK,1
KI6PUR,NE5NA,1
KI6PUW-123,KI6MXP,3
KI6PUW-123,KI6PUR,3
KI6PUW-123,KI6PUW,99
KI6PUW-123,KI6PVA,1
KI6PUW-123,KI6VYM,4
KI6PUW-123,KJ6AMM,2
KI6PUW-123,KJ6MIN,4
KI6PUW-123,KK6DZK,4
KI6PUW-123,KK6EAW,2
KI6PUW-123,KK6EKN,3
KI6PUW-123,KK6LTH,2
KI6PUW-123,KK6LTX,3
KI6PUW-123,KK6LUA,4
KI6PUW-123,KK6TOZ,3
KI6PUW-123,KM6EEI,3
KI6PUW-123,KM6I,2
KI6PUW-123,KM6LTA,3
KI6PUW-123,KN6BAW,3
KI6PUW-123,KN6DSE,1
KI6PUW-123,KN6EKC,3
KI6PUW-123,KN6EKW,4
KI6PUW-123,KN6GHD,3
KI6PUW-123,KR6DD,3
KI6PUW-123,KZ6DM,3
KI6PUW-123,N6IDV,3
KI6PUW-123,N6IHT,2
KI6PUW-123,N9DK,3
KI6PUW-123,NE5NA,3
KI6PUW-4,KI6MXP,2
KI6PUW-4,KI6PUR,2
KI6PUW-4,KI6PUW,99
KI6PUW-4,KI6PVA,4
KI6PUW-4,KI6VYM,4
KI6PUW-4,KJ6AMM,1
KI6PUW-4,KJ6MIN,4
KI6PUW-4,KK6DZK,4
KI6PUW-4,KK6EAW,4
KI6PUW-4,KK6EKN,1
KI6PUW-4,KK6LTH,1
KI6PUW-4,KK6LTX,1
KI6PUW-4,KK6LUA,4
KI6PUW-4,KK6TOZ,4
KI6PUW-4,KM6EEI,2
KI6PUW-4,KM6I,4
KI6PUW-4,KM6LTA,1
KI6PUW-4,KN6BAW,4
KI6PUW-4,KN6DSE,4
KI6PUW-4,KN6EKC,3
KI6PUW-4,KN6EKW,4
KI6PUW-4,KN6GHD,4
KI6PUW-4,KR6DD,4
KI6PUW-4,KZ6DM,1
KI6PUW-4,N6IDV,2
KI6PUW-4,N6IHT,2
KI6PUW-4,N9DK,3
KI6PUW-4,NE5NA,1
KI6PVA-1,KI6MXP,3
KI6PVA-1,KI6PUR,3
KI6PVA-1,KI6PUW,1
KI6PVA-1,KI6PVA,99
KI6PVA-1,KI6VYM,4
KI6PVA-1,KJ6AMM,2
KI6PVA-1,KJ6MIN,4
KI6PVA-1,KK6DZK,4
KI6PVA-1,KK6EAW,3
KI6PVA-1,KK6EKN,3
KI6PVA-1,KK6LTH,1
KI6PVA-1,KK6LTX,2
KI6PVA-1,KK6LUA,4
KI6PVA-1,KK6TOZ,3
KI6PVA-1,KM6EEI,3
KI6PVA-1,KM6I,3
KI6PVA-1,KM6LTA,3
KI6PVA-1,KN6BAW,3
KI6PVA-1,KN6DSE,1
KI6PVA-1,KN6EKC,3
KI6PVA-1,KN6EKW,4
KI6PVA-1,KN6GHD,3
KI6PVA-1,KR6DD,3
KI6PVA-1,KZ6DM,3
KI6PVA-1,N6IDV,2
KI6PVA-1,N6IHT,2
KI6PVA-1,N9DK,3
KI6PVA-1,NE5NA,3
KI6PVA-4,KI6MXP,3
KI6PVA-4,KI6PUR,2
KI6PVA-4,KI6PUW,4
KI6PVA-4,KI6PVA,99
KI6PVA-4,KI6VYM,3
KI6PVA-4,KJ6AMM,1
KI6PVA-4,KJ6MIN,4
KI6PVA-4,KK6DZK,4
KI6PVA-4,KK6EAW,4
KI6PVA-4,KK6EKN,1
KI6PVA-4,KK6LTH,1
KI6PVA-4,KK6LTX,2
KI6PVA-4,KK6LUA,4
KI6PVA-4,KK6TOZ,4
KI6PVA-4,KM6EEI,2
KI6PVA-4,KM6I,4
KI6PVA-4,KM6LTA,1
KI6PVA-4,KN6BAW,4
KI6PVA-4,KN6DSE,4
KI6PVA-4,KN6EKC,3
KI6PVA-4,KN6EKW,4
KI6PVA-4,KN6GHD,4
KI6PVA-4,KR6DD,4
KI6PVA-4,KZ6DM,1
KI6PVA-4,N6IDV,2
KI6PVA-4,N6IHT,2
KI6PVA-4,N9DK,2
KI6PVA-4,NE5NA,1
KI6VYM,KI6MXP,1
KI6VYM,KI6PUR,1
KI6VYM,KI6PUW,2
KI6VYM,KI6PVA,1
KI6VYM,KI6VYM,99
KI6VYM,KJ6AMM,2
KI6VYM,KJ6MIN,4
KI6VYM,KK6DZK,4
KI6VYM,KK6EAW,4
KI6VYM,KK6EKN,1
KI6VYM,KK6LTH,2
KI6VYM,KK6LTX,3
KI6VYM,KK6LUA,1
KI6VYM,KK6TOZ,1
KI6VYM,KM6EEI,3
KI6VYM,KM6I,4
KI6VYM,KM6LTA,3
KI6VYM,KN6BAW,4
KI6VYM,KN6DSE,4
KI6VYM,KN6EKC,3
KI6VYM,KN6EKW,4
KI6VYM,KN6GHD,3
KI6VYM,KR6DD,3
KI6VYM,KZ6DM,1
KI6VYM,N6IDV,1
KI6VYM,N6IHT,2
KI6VYM,N9DK,1
KI6VYM,NE5NA,2
KJ6AMM,KI6MXP,1
KJ6AMM,KI6PUR,1
KJ6AMM,KI6PUW,1
KJ6AMM,KI6PVA,1
KJ6AMM,KI6VYM,1
KJ6AMM,KJ6AMM,99
KJ6AMM,KJ6MIN,1
KJ6AMM,KK6DZK,1
KJ6AMM,KK6EAW,1
KJ6AMM,KK6EKN,1
KJ6AMM,KK6LTH,1
KJ6AMM,KK6LTX,1
KJ6AMM,KK6LUA,1
KJ6AMM,KK6TOZ,1
KJ6AMM,KM6EEI,1
KJ6AMM,KM6I,1
KJ6AMM,KM6LTA,1
KJ6AMM,KN6BAW,1
KJ6AMM,KN6DSE,1
KJ6AMM,KN6EKC,1
KJ6AMM,KN6EKW,1
KJ6AMM,KN6GHD,1
KJ6AMM,KR6DD,2
KJ6AMM,KZ6DM,1
KJ6AMM,N6IDV,1
KJ6AMM,N6IHT,1
KJ6AMM,N9DK,1
KJ6AMM,NE5NA,2
KJ6AMM,WA1IAM,1
KJ6AMM,WU6K,1
KJ6MIN,KI6MXP,1
KJ6MIN,KI6PUR,1
KJ6MIN,KI6PUW,4
KJ6MIN,KI6PVA,4
KJ6MIN,KI6VYM,1
KJ6MIN,KJ6AMM,1
KJ6MIN,KJ6MIN,99
KJ6MIN,KK6DZK,4
KJ6MIN,KK6EAW,4
KJ6MIN,KK6EKN,1
KJ6MIN,KK6LTH,2
KJ6MIN,KK6LTX,3
KJ6MIN,KK6LUA,4
KJ6MIN,KK6TOZ,3
KJ6MIN,KM6EEI,4
KJ6MIN,KM6I,1
KJ6MIN,KM6LTA,3
KJ6MIN,KN6BAW,3
KJ6MIN,KN6DSE,4
KJ6MIN,KN6EKC,3
KJ6MIN,KN6EKW,4
KJ6MIN,KN6GHD,3
KJ6MIN,KR6DD,3
KJ6MIN,KZ6DM,3
KJ6MIN,N6IDV,4
KJ6MIN,N6IHT,4
KJ6MIN,N9DK,1
KJ6MIN,NE5NA,4
KJ6MIN,WA1IAM,4
KJ6MIN,WU6K,2
KK6DZK,KI6MXP,2
KK6DZK,KI6PUR,2
KK6DZK,KI6PUW,3
KK6DZK,KI6PVA,4
KK6DZK,KI6VYM,4
KK6DZK,KJ6AMM,2
KK6DZK,KJ6MIN,3
KK6DZK,KK6DZK,99
KK6DZK,KK6EAW,2
KK6DZK,KK6EKN,2
KK6DZK,KK6LTH,2
KK6DZK,KK6LTX,2
KK6DZK,KK6LUA,4
KK6DZK,KK6TOZ,3
KK6DZK,KM6EEI,3
KK6DZK,KM6I,2
KK6DZK,KM6LTA,3
KK6DZK,KN6BAW,3
KK6DZK,KN6DSE,3
KK6DZK,KN6EKC,1
KK6DZK,KN6EKW,2
KK6DZK,KN6GHD,2
KK6DZK,KR6DD,3
KK6DZK,KZ6DM,2
KK6DZK,N6IDV,3
KK6DZK,N6IHT,3
KK6DZK,N9DK,1
KK6DZK,NE5NA,2
KK6DZK,WA1IAM,3
KK6DZK,WU6K,3
KK6EAW,KI6MXP,3
KK6EAW,KI6PUR,3
KK6EAW,KI6PUW,3
KK6EAW,KI6PVA,4
KK6EAW,KI6VYM,4
KK6EAW,KJ6AMM,1
KK6EAW,KJ6MIN,4
KK6EAW,KK6DZK,4
KK6EAW,KK6EAW,99
KK6EAW,KK6EKN,1
KK6EAW,KK6LTH,1
KK6EAW,KK6LTX,1
KK6EAW,KK6LUA,4
KK6EAW,KK6TOZ,3
KK6EAW,KM6EEI,3
KK6EAW,KM6I,4
KK6EAW,KM6LTA,1
KK6EAW,KN6BAW,4
KK6EAW,KN6DSE,4
KK6EAW,KN6EKC,4
KK6EAW,KN6EKW,4
KK6EAW,KN6GHD,3
KK6EAW,KR6DD,3
KK6EAW,KZ6DM,3
KK6EAW,N6IDV,3
KK6EAW,N6IHT,2
KK6EAW,N9DK,1
KK6EAW,NE5NA,1
KK6EAW,WA1IAM,3
KK6EAW,WU6K,3
KK6EKN-123,KI6MXP,1
KK6EKN-123,KI6PUR,1
KK6EKN-123,KI6PUW,1
KK6EKN-123,KI6PVA,1
KK6EKN-123,KI6VYM,4
KK6EKN-123,KJ6AMM,1
KK6EKN-123,KJ6MIN,4
KK6EKN-123,KK6DZK,2
KK6EKN-123,KK6EAW,1
KK6EKN-123,KK6EKN,99
KK6EKN-123,KK6LTH,1
KK6EKN-123,KK6LTX,1
KK6EKN-123,KK6LUA,4
KK6EKN-123,KK6TOZ,1
KK6EKN-123,KM6EEI,2
KK6EKN-123,KM6I,4
KK6EKN-123,KM6LTA,1
KK6EKN-123,KN6BAW,1
KK6EKN-123,KN6DSE,1
KK6EKN-123,KN6EKC,1
KK6EKN-123,KN6EKW,1
KK6EKN-123,KN6GHD,1
KK6EKN-123,KR6DD,2
KK6EKN-123,KZ6DM,1
KK6EKN-123,N6IDV,1
KK6EKN-123,N6IHT,1
KK6EKN-123,N9DK,1
KK6EKN-123,NE5NA,1
KK6EKN-123,WA1IAM,1
KK6EKN-123,WU6K,1
KK6EKN-4,KI6MXP,1
KK6EKN-4,KI6PUR,1
KK6EKN-4,KI6PUW,1
KK6EKN-4,KI6PVA,1
KK6EKN-4,KI6VYM,1
KK6EKN-4,KJ6AMM,1
KK6EKN-4,KJ6MIN,4
KK6EKN-4,KK6DZK,4
KK6EKN-4,KK6EAW,4
KK6EKN-4,KK6EKN,99
KK6EKN-4,KK6LTH,1
KK6EKN-4,KK6LTX,1
KK6EKN-4,KK6LUA,1
KK6EKN-4,KK6TOZ,4
KK6EKN-4,KM6EEI,1
KK6EKN-4,KM6I,4
KK6EKN-4,KM6LTA,1
KK6EKN-4,KN6BAW,4
KK6EKN-4,KN6DSE,4
KK6EKN-4,KN6EKC,1
KK6EKN-4,KN6EKW,4
KK6EKN-4,KN6GHD,4
KK6EKN-4,KR6DD,4
KK6EKN-4,KZ6DM,1
KK6EKN-4,N6IDV,1
KK6EKN-4,N6IHT,1
KK6EKN-4,N9DK,1
KK6EKN-4,NE5NA,1
KK6EKN-4,WA1IAM,1
KK6EKN-4,WU6K,1
KK6LTH,KI6MXP,1
KK6LTH,KI6PUR,1
KK6LTH,KI6PUW,1
KK6LTH,KI6PVA,1
KK6LTH,KI6VYM,1
KK6LTH,KJ6AMM,1
KK6LTH,KJ6MIN,3
KK6LTH,KK6DZK,1
KK6LTH,KK6EAW,1
KK6LTH,KK6EKN,1
KK6LTH,KK6LTH,99
KK6LTH,KK6LTX,1
KK6LTH,KK6LUA,1
KK6LTH,KK6TOZ,1
KK6LTH,KM6EEI,1
KK6LTH,KM6I,1
KK6LTH,KM6LTA,1
KK6LTH,KN6BAW,1
KK6LTH,KN6DSE,1
KK6LTH,KN6EKC,1
KK6LTH,KN6EKW,1
KK6LTH,KN6GHD,1
KK6LTH,KR6DD,1
KK6LTH,KZ6DM,2
KK6LTH,N6IDV,1
KK6LTH,N6IHT,1
KK6LTH,N9DK,1
KK6LTH,NE5NA,1
KK6LTH,WA1IAM,1
KK6LTH,WU6K,1
KK6LTX,KI6MXP,2
KK6LTX,KI6PUR,2
KK6LTX,KI6PUW,2
KK6LTX,KI6PVA,1
KK6LTX,KI6VYM,4
KK6LTX,KJ6AMM,2
KK6LTX,KJ6MIN,2
KK6LTX,KK6DZK,1
KK6LTX,KK6EAW,1
KK6LTX,KK6EKN,1
KK6LTX,KK6LTH,2
KK6LTX,KK6LTX,99
KK6LTX,KK6LUA,1
KK6LTX,KK6TOZ,2
KK6LTX,KM6EEI,3
KK6LTX,KM6I,1
KK6LTX,KM6LTA,2
KK6LTX,KN6BAW,2
KK6LTX,KN6DSE,3
KK6LTX,KN6EKC,2
KK6LTX,KN6EKW,2
KK6LTX,KN6GHD,2
KK6LTX,KR6DD,3
KK6LTX,KZ6DM,2
KK6LTX,N6IDV,2
KK6LTX,N6IHT,2
KK6LTX,N9DK,1
KK6LTX,NE5NA,2
KK6LTX,WA1IAM,2
KK6LTX,WU6K,2
KK6LUA,KI6MXP,1
KK6LUA,KI6PUR,1
KK6LUA,KI6PUW,3
KK6LUA,KI6PVA,3
KK6LUA,KI6VYM,4
KK6LUA,KJ6AMM,3
KK6LUA,KJ6MIN,4
KK6LUA,KK6DZK,4
KK6LUA,KK6EAW,4
KK6LUA,KK6EKN,1
KK6LUA,KK6LTH,4
KK6LUA,KK6LTX,2
KK6LUA,KK6LUA,99
KK6LUA,KK6TOZ,4
KK6LUA,KM6EEI,3
KK6LUA,KM6I,4
KK6LUA,KM6LTA,3
KK6LUA,KN6BAW,4
KK6LUA,KN6DSE,4
KK6LUA,KN6EKC,3
KK6LUA,KN6EKW,4
KK6LUA,KN6GHD,4
KK6LUA,KR6DD,4
KK6LUA,KZ6DM,3
KK6LUA,N6IDV,3
KK6LUA,N6IHT,2
KK6LUA,N9DK,1
KK6LUA,NE5NA,2
KK6LUA,WA1IAM,3
KK6LUA,WU6K,3
KK6TOZ,KI6MXP,1
KK6TOZ,KI6PUR,1
KK6TOZ,KI6PUW,3
KK6TOZ,KI6PVA,3
KK6TOZ,KI6VYM,4
KK6TOZ,KJ6AMM,1
KK6TOZ,KJ6MIN,2
KK6TOZ,KK6DZK,4
KK6TOZ,KK6EAW,3
KK6TOZ,KK6EKN,3
KK6TOZ,KK6LTH,2
KK6TOZ,KK6LTX,3
KK6TOZ,KK6LUA,3
KK6TOZ,KK6TOZ,99
KK6TOZ,KM6EEI,3
KK6TOZ,KM6I,1
KK6TOZ,KM6LTA,3
KK6TOZ,KN6BAW,4
KK6TOZ,KN6DSE,3
KK6TOZ,KN6EKC,3
KK6TOZ,KN6EKW,4
KK6TOZ,KN6GHD,2
KK6TOZ,KR6DD,3
KK6TOZ,KZ6DM,2
KK6TOZ,N6IDV,1
KK6TOZ,N6IHT,2
KK6TOZ,N9DK,2
KK6TOZ,NE5NA,3
KK6TOZ,WA1IAM,1
KK6TOZ,WU6K,2
KK6TPM,KI6MXP,4
KK6TPM,KI6PUR,4
KK6TPM,KI6PUW,4
KK6TPM,KI6PVA,4
KK6TPM,KI6VYM,4
KK6TPM,KJ6AMM,4
KK6TPM,KJ6MIN,4
KK6TPM,KK6DZK,4
KK6TPM,KK6EAW,4
KK6TPM,KK6EKN,4
KK6TPM,KK6LTH,4
KK6TPM,KK6LTX,4
KK6TPM,KK6LUA,4
KK6TPM,KK6TOZ,4
KK6TPM,KM6EEI,4
KK6TPM,KM6I,4
KK6TPM,KM6LTA,4
KK6TPM,KN6BAW,4
KK6TPM,KN6DSE,4
KK6TPM,KN6EKC,4
KK6TPM,KN6EKW,4
KK6TPM,KN6GHD,4
KK6TPM,KR6DD,3
KK6TPM,KZ6DM,2
KK6TPM,N6IDV,4
KK6TPM,N6IHT,4
KK6TPM,N9DK,4
KK6TPM,NE5NA,4
KK6TPM,WA1IAM,4
KK6TPM,WU6K,4
KM6EEI-12,KI6MXP,2
KM6EEI-12,KI6PUR,2
KM6EEI-12,KI6PUW,1
KM6EEI-12,KI6PVA,4
KM6EEI-12,KI6VYM,4
KM6EEI-12,KJ6AMM,1
KM6EEI-12,KJ6MIN,3
KM6EEI-12,KK6DZK,4
KM6EEI-12,KK6EAW,4
KM6EEI-12,KK6EKN,2
KM6EEI-12,KK6LTH,1
KM6EEI-12,KK6LTX,4
KM6EEI-12,KK6LUA,4
KM6EEI-12,KK6TOZ,3
KM6EEI-12,KM6EEI,99
KM6EEI-12,KM6I,2
KM6EEI-12,KM6LTA,1
KM6EEI-12,KN6BAW,2
KM6EEI-12,KN6DSE,1
KM6EEI-12,KN6EKC,3
KM6EEI-12,KN6EKW,3
KM6EEI-12,KN6GHD,3
KM6EEI-12,KR6DD,3
KM6EEI-12,KZ6DM,4
KM6EEI-12,N6IDV,4
KM6EEI-12,N6IHT,1
KM6EEI-12,N9DK,2
KM6EEI-12,NE5NA,4
KM6EEI-12,WA1IAM,3
KM6EEI-12,WU6K,2
KM6EEI-34,KI6MXP,2
KM6EEI-34,KI6PUR,1
KM6EEI-34,KI6PUW,1
KM6EEI-34,KI6PVA,1
KM6EEI-34,KI6VYM,2
KM6EEI-34,KJ6AMM,1
KM6EEI-34,KJ6MIN,4
KM6EEI-34,KK6DZK,4
KM6EEI-34,KK6EAW,3
KM6EEI-34,KK6EKN,1
KM6EEI-34,KK6LTH,1
KM6EEI-34,KK6LTX,2
KM6EEI-34,KK6LUA,3
KM6EEI-34,KK6TOZ,3
KM6EEI-34,KM6EEI,99
KM6EEI-34,KM6I,4
KM6EEI-34,KM6LTA,1
KM6EEI-34,KN6BAW,4
KM6EEI-34,KN6DSE,4
KM6EEI-34,KN6EKC,3
KM6EEI-34,KN6EKW,4
KM6EEI-34,KN6GHD,2
KM6EEI-34,KR6DD,3
KM6EEI-34,KZ6DM,1
KM6EEI-34,N6IDV,2
KM6EEI-34,N6IHT,1
KM6EEI-34,N9DK,1
KM6EEI-34,NE5NA,1
KM6EEI-34,WA1IAM,2
KM6EEI-34,WU6K,1
KM6I,KI6MXP,1
KM6I,KI6PUR,1
KM6I,KI6PUW,1
KM6I,KI6PVA,4
KM6I,KI6VYM,4
KM6I,KJ6AMM,3
KM6I,KJ6MIN,3
KM6I,KK6DZK,1
KM6I,KK6EAW,4
KM6I,KK6EKN,1
KM6I,KK6LTH,3
KM6I,KK6LTX,4
KM6I,KK6LUA,4
KM6I,KK6TOZ,1
KM6I,KM6EEI,2
KM6I,KM6I,99
KM6I,KM6LTA,3
KM6I,KN6BAW,4
KM6I,KN6DSE,1
KM6I,KN6EKC,3
KM6I,KN6EKW,4
KM6I,KN6GHD,2
KM6I,KR6DD,1
KM6I,KZ6DM,3
KM6I,N6IDV,4
KM6I,N6IHT,4
KM6I,N9DK,1
KM6I,NE5NA,4
KM6I,WA1IAM,4
KM6I,WU6K,1
KM6LTA,KI6MXP,1
KM6LTA,KI6PUR,2
KM6LTA,KI6PUW,1
KM6LTA,KI6PVA,1
KM6LTA,KI6VYM,4
KM6LTA,KJ6AMM,2
KM6LTA,KJ6MIN,3
KM6LTA,KK6DZK,2
KM6LTA,KK6EAW,1
KM6LTA,KK6EKN,1
KM6LTA,KK6LTH,2
KM6LTA,KK6LTX,2
KM6LTA,KK6LUA,2
KM6LTA,KK6TOZ,3
KM6LTA,KM6EEI,1
KM6LTA,KM6I,4
KM6LTA,KM6LTA,99
KM6LTA,KN6BAW,1
KM6LTA,KN6DSE,1
KM6LTA,KN6EKC,1
KM6LTA,KN6EKW,1
KM6LTA,KN6GHD,1
KM6LTA,KR6DD,2
KM6LTA,KZ6DM,2
KM6LTA,N6IDV,1
KM6LTA,N6IHT,1
KM6LTA,N9DK,2
KM6LTA,NE5NA,1
KM6LTA,WA1IAM,1
KM6LTA,WU6K,3
KN6BAW,KI6MXP,1
KN6BAW,KI6PUR,2
KN6BAW,KI6PUW,1
KN6BAW,KI6PVA,4
KN6BAW,KI6VYM,4
KN6BAW,KJ6AMM,1
KN6BAW,KJ6MIN,2
KN6BAW,KK6DZK,4
KN6BAW,KK6EAW,4
KN6BAW,KK6EKN,1
KN6BAW,KK6LTH,1
KN6BAW,KK6LTX,4
KN6BAW,KK6LUA,4
KN6BAW,KK6TOZ,2
KN6BAW,KM6EEI,4
KN6BAW,KM6I,1
KN6BAW,KM6LTA,1
KN6BAW,KN6BAW,99
KN6BAW,KN6DSE,1
KN6BAW,KN6EKC,1
KN6BAW,KN6EKW,4
KN6BAW,KN6GHD,2
KN6BAW,KR6DD,2
KN6BAW,KZ6DM,1
KN6BAW,N6IDV,4
KN6BAW,N6IHT,4
KN6BAW,N9DK,4
KN6BAW,NE5NA,4
KN6BAW,WA1IAM,4
KN6BAW,WU6K,4
KN6DSE,KI6MXP,2
KN6DSE,KI6PUR,2
KN6DSE,KI6PUW,2
KN6DSE,KI6PVA,2
KN6DSE,KI6VYM,4
KN6DSE,KJ6AMM,2
KN6DSE,KJ6MIN,3
KN6DSE,KK6DZK,4
KN6DSE,KK6EAW,2
KN6DSE,KK6EKN,1
KN6DSE,KK6LTH,2
KN6DSE,KK6LTX,2
KN6DSE,KK6LUA,2
KN6DSE,KK6TOZ,3
KN6DSE,KM6EEI,3
KN6DSE,KM6I,2
KN6DSE,KM6LTA,2
KN6DSE,KN6BAW,3
KN6DSE,KN6DSE,99
KN6DSE,KN6EKC,3
KN6DSE,KN6EKW,4
KN6DSE,KN6GHD,3
KN6DSE,KR6DD,3
KN6DSE,KZ6DM,3
KN6DSE,N6IDV,2
KN6DSE,N6IHT,3
KN6DSE,N9DK,3
KN6DSE,NE5NA,1
KN6DSE,WA1IAM,2
KN6DSE,WU6K,3
KN6EKC,KI6MXP,3
KN6EKC,KI6PUR,2
KN6EKC,KI6PUW,3
KN6EKC,KI6PVA,3
KN6EKC,KI6VYM,4
KN6EKC,KJ6AMM,2
KN6EKC,KJ6MIN,4
KN6EKC,KK6DZK,2
KN6EKC,KK6EAW,4
KN6EKC,KK6EKN,2
KN6EKC,KK6LTH,3
KN6EKC,KK6LTX,2
KN6EKC,KK6LUA,3
KN6EKC,KK6TOZ,3
KN6EKC,KM6EEI,3
KN6EKC,KM6I,2
KN6EKC,KM6LTA,2
KN6EKC,KN6BAW,3
KN6EKC,KN6DSE,3
KN6EKC,KN6EKC,99
KN6EKC,KN6EKW,4
KN6EKC,KN6GHD,3
KN6EKC,KR6DD,3
KN6EKC,KZ6DM,3
KN6EKC,N6IDV,3
KN6EKC,N6IHT,2
KN6EKC,N9DK,2
KN6EKC,NE5NA,3
KN6EKC,WA1IAM,3
KN6EKC,WU6K,3
KN6EKW,KI6MXP,2
KN6EKW,KI6PUR,1
KN6EKW,KI6PUW,3
KN6EKW,KI6PVA,4
KN6EKW,KI6VYM,4
KN6EKW,KJ6AMM,1
KN6EKW,KJ6MIN,4
KN6EKW,KK6DZK,2
KN6EKW,KK6EAW,4
KN6EKW,KK6EKN,1
KN6EKW,KK6LTH,1
KN6EKW,KK6LTX,4
KN6EKW,KK6LUA,4
KN6EKW,KK6TOZ,3
KN6EKW,KM6EEI,3
KN6EKW,KM6I,2
KN6EKW,KM6LTA,3
KN6EKW,KN6BAW,3
KN6EKW,KN6DSE,2
KN6EKW,KN6EKC,1
KN6EKW,KN6EKW,99
KN6EKW,KN6GHD,1
KN6EKW,KR6DD,3
KN6EKW,KZ6DM,1
KN6EKW,N6IDV,4
KN6EKW,N6IHT,1
KN6EKW,N9DK,1
KN6EKW,NE5NA,4
KN6EKW,WA1IAM,1
KN6EKW,WU6K,2
KN6GHD,KI6MXP,2
KN6GHD,KI6PUR,2
KN6GHD,KI6PUW,3
KN6GHD,KI6PVA,1
KN6GHD,KI6VYM,3
KN6GHD,KJ6AMM,1
KN6GHD,KJ6MIN,3
KN6GHD,KK6DZK,1
KN6GHD,KK6EAW,3
KN6GHD,KK6EKN,2
KN6GHD,KK6LTH,1
KN6GHD,KK6LTX,2
KN6GHD,KK6LUA,3
KN6GHD,KK6TOZ,2
KN6GHD,KM6EEI,3
KN6GHD,KM6I,4
KN6GHD,KM6LTA,2
KN6GHD,KN6BAW,3
KN6GHD,KN6DSE,3
KN6GHD,KN6EKC,3
KN6GHD,KN6EKW,4
KN6GHD,KN6GHD,99
KN6GHD,KR6DD,2
KN6GHD,KZ6DM,3
KN6GHD,N6IDV,1
KN6GHD,N6IHT,1
KN6GHD,N9DK,2
KN6GHD,NE5NA,3
KN6GHD,WA1IAM,2
KN6GHD,WU6K,2
KR6DD,KI6MXP,2
KR6DD,KI6PUR,3
KR6DD,KI6PUW,3
KR6DD,KI6PVA,4
KR6DD,KI6VYM,4
KR6DD,KJ6AMM,1
KR6DD,KJ6MIN,3
KR6DD,KK6DZK,4
KR6DD,KK6EAW,4
KR6DD,KK6EKN,2
KR6DD,KK6LTH,2
KR6DD,KK6LTX,3
KR6DD,KK6LUA,4
KR6DD,KK6TOZ,3
KR6DD,KM6EEI,3
KR6DD,KM6I,2
KR6DD,KM6LTA,3
KR6DD,KN6BAW,3
KR6DD,KN6DSE,3
KR6DD,KN6EKC,2
KR6DD,KN6EKW,1
KR6DD,KN6GHD,2
KR6DD,KR6DD,99
KR6DD,KZ6DM,3
KR6DD,N6IDV,2
KR6DD,N6IHT,2
KR6DD,N9DK,2
KR6DD,NE5NA,2
KR6DD,WA1IAM,2
KR6DD,WU6K,3
KZ6DM,KI6MXP,1
KZ6DM,KI6PUR,1
KZ6DM,KI6PUW,1
KZ6DM,KI6PVA,1
KZ6DM,KI6VYM,1
KZ6DM,KJ6AMM,1
KZ6DM,KJ6MIN,4
KZ6DM,KK6DZK,1
KZ6DM,KK6EAW,1
KZ6DM,KK6EKN,1
KZ6DM,KK6LTH,1
KZ6DM,KK6LTX,1
KZ6DM,KK6LUA,1
KZ6DM,KK6TOZ,1
KZ6DM,KM6EEI,2
KZ6DM,KM6I,4
KZ6DM,KM6LTA,1
KZ6DM,KN6BAW,1
KZ6DM,KN6DSE,1
KZ6DM,KN6EKC,1
KZ6DM,KN6EKW,4
KZ6DM,KN6GHD,2
KZ6DM,KR6DD,2
KZ6DM,KZ6DM,99
KZ6DM,N6IDV,1
KZ6DM,N6IHT,1
KZ6DM,N9DK,1
KZ6DM,NE5NA,1
KZ6DM,WA1IAM,1
KZ6DM,WU6K,1
N6IDV,KI6MXP,1
N6IDV,KI6PUR,1
N6IDV,KI6PUW,1
N6IDV,KI6PVA,1
N6IDV,KI6VYM,2
N6IDV,KJ6AMM,1
N6IDV,KJ6MIN,4
N6IDV,KK6DZK,2
N6IDV,KK6EAW,3
N6IDV,KK6EKN,1
N6IDV,KK6LTH,1
N6IDV,KK6LTX,1
N6IDV,KK6LUA,1
N6IDV,KK6TOZ,1
N6IDV,KM6EEI,2
N6IDV,KM6I,4
N6IDV,KM6LTA,1
N6IDV,KN6BAW,4
N6IDV,KN6DSE,4
N6IDV,KN6EKC,1
N6IDV,KN6EKW,1
N6IDV,KN6GHD,1
N6IDV,KR6DD,3
N6IDV,KZ6DM,1
N6IDV,N6IDV,99
N6IDV,N6IHT,1
N6IDV,N9DK,1
N6IDV,NE5NA,1
N6IDV,WA1IAM,1
N6IDV,WU6K,1
N6IHT,KI6MXP,1
N6IHT,KI6PUR,1
N6IHT,KI6PUW,1
N6IHT,KI6PVA,1
N6IHT,KI6VYM,1
N6IHT,KJ6AMM,1
N6IHT,KJ6MIN,1
N6IHT,KK6DZK,1
N6IHT,KK6EAW,1
N6IHT,KK6EKN,1
N6IHT,KK6LTH,1
N6IHT,KK6LTX,1
N6IHT,KK6LUA,1
N6IHT,KK6TOZ,1
N6IHT,KM6EEI,2
N6IHT,KM6I,1
N6IHT,KM6LTA,1
N6IHT,KN6BAW,1
N6IHT,KN6DSE,1
N6IHT,KN6EKC,2
N6IHT,KN6EKW,2
N6IHT,KN6GHD,1
N6IHT,KR6DD,2
N6IHT,KZ6DM,1
N6IHT,N6IDV,1
N6IHT,N6IHT,99
N6IHT,N9DK,1
N6IHT,NE5NA,1
N6IHT,WA1IAM,1
N6IHT,WU6K,1
N6YXJ,KI6MXP,3
N6YXJ,KI6PUR,2
N6YXJ,KI6PUW,1
N6YXJ,KI6PVA,1
N6YXJ,KI6VYM,4
N6YXJ,KJ6AMM,1
N6YXJ,KJ6MIN,4
N6YXJ,KK6DZK,4
N6YXJ,KK6EAW,3
N6YXJ,KK6EKN,1
N6YXJ,KK6LTH,1
N6YXJ,KK6LTX,2
N6YXJ,KK6LUA,3
N6YXJ,KK6TOZ,3
N6YXJ,KM6EEI,1
N6YXJ,KM6I,1
N6YXJ,KM6LTA,1
N6YXJ,KN6BAW,3
N6YXJ,KN6DSE,1
N6YXJ,KN6EKC,3
N6YXJ,KN6EKW,4
N6YXJ,KN6GHD,3
N6YXJ,KR6DD,3
N6YXJ,KZ6DM,2
N6YXJ,N6IDV,2
N6YXJ,N6IHT,1
N6YXJ,N9DK,3
N6YXJ,NE5NA,3
N6YXJ,WA1IAM,3
N6YXJ,WU6K,3
N9DK-1,KI6MXP,1
N9DK-1,KI6PUR,1
N9DK-1,KI6PUW,4
N9DK-1,KI6PVA,4
N9DK-1,KI6VYM,4
N9DK-1,KJ6AMM,1
N9DK-1,KJ6MIN,4
N9DK-1,KK6DZK,4
N9DK-1,KK6EAW,4
N9DK-1,KK6EKN,3
N9DK-1,KK6LTH,4
N9DK-1,KK6LTX,4
N9DK-1,KK6LUA,4
N9DK-1,KK6TOZ,4
N9DK-1,KM6EEI,3
N9DK-1,KM6I,4
N9DK-1,KM6LTA,4
N9DK-1,KN6BAW,4
N9DK-1,KN6DSE,4
N9DK-1,KN6EKC,4
N9DK-1,KN6EKW,4
N9DK-1,KN6GHD,4
N9DK-1,KR6DD,4
N9DK-1,KZ6DM,1
N9DK-1,N6IDV,4
N9DK-1,N6IHT,1
N9DK-1,N9DK,99
N9DK-1,NE5NA,4
N9DK-1,WA1IAM,2
N9DK-1,WU6K,1
N9DK-234,KI6MXP,1
N9DK-234,KI6PUR,1
N9DK-234,KI6PUW,2
N9DK-234,KI6PVA,1
N9DK-234,KI6VYM,1
N9DK-234,KJ6AMM,1
N9DK-234,KJ6MIN,1
N9DK-234,KK6DZK,1
N9DK-234,KK6EAW,1
N9DK-234,KK6EKN,1
N9DK-234,KK6LTH,1
N9DK-234,KK6LTX,1
N9DK-234,KK6LUA,1
N9DK-234,KK6TOZ,1
N9DK-234,KM6EEI,1
N9DK-234,KM6I,1
N9DK-234,KM6LTA,1
N9DK-234,KN6BAW,1
N9DK-234,KN6DSE,1
N9DK-234,KN6EKC,1
N9DK-234,KN6EKW,4
N9DK-234,KN6GHD,1
N9DK-234,KR6DD,1
N9DK-234,KZ6DM,1
N9DK-234,N6IDV,1
N9DK-234,N6IHT,1
N9DK-234,N9DK,99
N9DK-234,NE5NA,1
N9DK-234,WA1IAM,1
N9DK-234,WU6K,1
NE5NA,KI6MXP,1
NE5NA,KI6PUR,1
NE5NA,KI6PUW,1
NE5NA,KI6PVA,1
NE5NA,KI6VYM,1
NE5NA,KJ6AMM,1
NE5NA,KJ6MIN,1
NE5NA,KK6DZK,2
NE5NA,KK6EAW,1
NE5NA,KK6EKN,1
NE5NA,KK6LTH,1
NE5NA,KK6LTX,1
NE5NA,KK6LUA,1
NE5NA,KK6TOZ,2
NE5NA,KM6EEI,2
NE5NA,KM6I,1
NE5NA,KM6LTA,1
NE5NA,KN6BAW,1
NE5NA,KN6DSE,1
NE5NA,KN6EKC,1
NE5NA,KN6EKW,2
NE5NA,KN6GHD,1
NE5NA,KR6DD,1
NE5NA,KZ6DM,1
NE5NA,N6IDV,1
NE5NA,N6IHT,1
NE5NA,N9DK,1
NE5NA,NE5NA,99
NE5NA,WA1IAM,1
NE5NA,WU6K,1
W6OWI,KI6MXP,2
W6OWI,KI6PUR,1
W6OWI,KI6PUW,3
W6OWI,KI6PVA,1
W6OWI,KI6VYM,1
W6OWI,KJ6AMM,1
W6OWI,KJ6MIN,4
W6OWI,KK6DZK,4
W6OWI,KK6EAW,4
W6OWI,KK6EKN,2
W6OWI,KK6LTH,1
W6OWI,KK6LTX,4
W6OWI,KK6LUA,1
W6OWI,KK6TOZ,3
W6OWI,KM6EEI,3
W6OWI,KM6I,4
W6OWI,KM6LTA,2
W6OWI,KN6BAW,3
W6OWI,KN6DSE,4
W6OWI,KN6EKC,3
W6OWI,KN6EKW,4
W6OWI,KN6GHD,2
W6OWI,KR6DD,3
W6OWI,KZ6DM,1
W6OWI,N6IDV,2
W6OWI,N6IHT,2
W6OWI,N9DK,1
W6OWI,NE5NA,1
W6OWI,WA1IAM,2
W6OWI,WU6K,2
WA1IAM,KI6MXP,1
WA1IAM,KI6PUR,1
WA1IAM,KI6PUW,1
WA1IAM,KI6PVA,1
WA1IAM,KI6VYM,2
WA1IAM,KJ6AMM,1
WA1IAM,KJ6MIN,4
WA1IAM,KK6DZK,1
WA1IAM,KK6EAW,3
WA1IAM,KK6EKN,1
WA1IAM,KK6LTH,1
WA1IAM,KK6LTX,4
WA1IAM,KK6LUA,1
WA1IAM,KK6TOZ,1
WA1IAM,KM6EEI,2
WA1IAM,KM6I,4
WA1IAM,KM6LTA,1
WA1IAM,KN6BAW,4
WA1IAM,KN6DSE,4
WA1IAM,KN6EKC,2
WA1IAM,KN6EKW,4
WA1IAM,KN6GHD,1
WA1IAM,KR6DD,3
WA1IAM,KZ6DM,1
WA1IAM,N6IDV,1
WA1IAM,N6IHT,1
WA1IAM,N9DK,1
WA1IAM,NE5NA,1
WA1IAM,WA1IAM,99
WA1IAM,WU6K,1
WU6K,KI6MXP,1
WU6K,KI6PUR,1
WU6K,KI6PUW,1
WU6K,KI6PVA,2
WU6K,KI6VYM,1
WU6K,KJ6AMM,1
WU6K,KJ6MIN,4
WU6K,KK6DZK,1
WU6K,KK6EAW,4
WU6K,KK6EKN,1
WU6K,KK6LTH,1
WU6K,KK6LTX,2
WU6K,KK6LUA,1
WU6K,KK6TOZ,1
WU6K,KM6EEI,2
WU6K,KM6I,1
WU6K,KM6LTA,2
WU6K,KN6BAW,4
WU6K,KN6DSE,1
WU6K,KN6EKC,3
WU6K,KN6EKW,1
WU6K,KN6GHD,1
WU6K,KR6DD,2
WU6K,KZ6DM,1
WU6K,N6IDV,1
WU6K,N6IHT,2
WU6K,N9DK,1
WU6K,NE5NA,1
WU6K,WA1IAM,1
WU6K,WU6K,99
AE6EO-1,AE6EO,0
AE6EO-3,AE6EO,0
AG6SR,AG6SR,0
AI6KG,AI6KG,0
AI6SZ,AI6SZ,0
AJ6JN,AJ6JN,0
AJ6ME,AJ6ME,0
AJ6XZ-12,AJ6XZ,0
AJ6XZ-3,AJ6XZ,0
K6FSH,K6FSH,0
K6PAO,K6PAO,0
K6ZJI,K6ZJI,0
KA6MZE-1,KA6MZE,0
KA6MZE-2,KA6MZE,0
KD6KDL,KD6KDL,0
KE6BJQ-1,KE6BJQ,0
KE6BJQ-2,KE6BJQ,0
KE7JAC,KE7JAC,0
KF6ZSQ,KF6ZSQ,0
KG6TNE,KG6TNE,0
KG6VYI,KG6VYI,0
KG6VYP,KG6VYP,0
KG6VYQ,KG6VYQ,0
KI6HLH,KI6HLH,0
KI6LCP,KI6LCP,0
KI6MXP,KI6MXP,0
KI6PUR,KI6PUR,0
KI6PUW-123,KI6PUW,0
KI6PUW-4,KI6PUW,0
KI6PVA-1,KI6PVA,0
KI6PVA-4,KI6PVA,0
KI6VYM,KI6VYM,0
KJ6AMM,KJ6AMM,0
KJ6MIN,KJ6MIN,0
KK6DZK,KK6DZK,0
KK6EAW,KK6EAW,0
KK6EKN-123,KK6EKN,0
KK6EKN-4,KK6EKN,0
KK6LTH,KK6LTH,0
KK6LTX,KK6LTX,0
KK6LUA,KK6LUA,0
KK6TOZ,KK6TOZ,0
KK6TPM,KK6TPM,0
KM6EEI-12,KM6EEI,0
KM6EEI-34,KM6EEI,0
KM6I,KM6I,0
KM6LTA,KM6LTA,0
KN6BAW,KN6BAW,0
KN6DSE,KN6DSE,0
KN6EKC,KN6EKC,0
KN6EKW,KN6EKW,0
KN6GHD,KN6GHD,0
KR6DD,KR6DD,0
KZ6DM,KZ6DM,0
N6IDV,N6IDV,0
N6IHT,N6IHT,0
N6YXJ,N6YXJ,0
N9DK-1,N9DK,0
N9DK-234,N9DK,0
NE5NA,NE5NA,0
W6OWI,W6OWI,0
WA1IAM,WA1IAM,0
WU6K,WU6K,0
AE6EO-1,AE6EO,99
AE6EO-1,AG6SR,4
AE6EO-1,AI6JI,4
AE6EO-1,AJ6JN,1
AE6EO-1,AJ6ME,4
AE6EO-1,AJ6XZ,4
AE6EO-1,K6FSH,4
AE6EO-1,K6PAO,4
AE6EO-1,KD6KDL,1
AE6EO-1,KE6BJQ,1
AE6EO-1,KE7JAC,1
AE6EO-1,KF6ZSQ,1
AE6EO-1,KG6TNE,4
AE6EO-1,KG6VYI,4
AE6EO-1,KI6HLH,2
AE6EO-1,KI6LCP,4
AE6EO-3,AE6EO,99
AE6EO-3,AG6SR,1
AE6EO-3,AI6JI,4
AE6EO-3,AJ6JN,1
AE6EO-3,AJ6ME,4
AE6EO-3,AJ6XZ,1
AE6EO-3,K6FSH,1
AE6EO-3,K6PAO,4
AE6EO-3,KD6KDL,1
AE6EO-3,KE6BJQ,4
AE6EO-3,KE7JAC,1
AE6EO-3,KF6ZSQ,1
AE6EO-3,KG6TNE,1
AE6EO-3,KG6VYI,1
AE6EO-3,KI6HLH,1
AE6EO-3,KI6LCP,1
AG6SR,AE6EO,1
AG6SR,AG6SR,99
AG6SR,AI6JI,4
AG6SR,AJ6JN,1
AG6SR,AJ6ME,3
AG6SR,AJ6XZ,2
AG6SR,K6FSH,3
AG6SR,K6PAO,4
AG6SR,KD6KDL,3
AG6SR,KE6BJQ,1
AG6SR,KE7JAC,3
AG6SR,KF6ZSQ,2
AG6SR,KG6TNE,4
AG6SR,KG6VYI,3
AG6SR,KI6HLH,3
AG6SR,KI6LCP,1
AI6KG,AE6EO,1
AI6KG,AG6SR,2
AI6KG,AI6JI,3
AI6KG,AJ6JN,1
AI6KG,AJ6ME,1
AI6KG,AJ6XZ,1
AI6KG,K6FSH,1
AI6KG,K6PAO,4
AI6KG,KD6KDL,1
AI6KG,KE6BJQ,1
AI6KG,KE7JAC,1
AI6KG,KF6ZSQ,1
AI6KG,KG6TNE,4
AI6KG,KG6VYI,1
AI6KG,KI6HLH,1
AI6KG,KI6LCP,1
AI6SZ,AE6EO,2
AI6SZ,AG6SR,4
AI6SZ,AI6JI,4
AI6SZ,AJ6JN,1
AI6SZ,AJ6ME,3
AI6SZ,AJ6XZ,3
AI6SZ,K6FSH,3
AI6SZ,K6PAO,4
AI6SZ,KD6KDL,3
AI6SZ,KE6BJQ,2
AI6SZ,KE7JAC,3
AI6SZ,KF6ZSQ,2
AI6SZ,KG6TNE,4
AI6SZ,KG6VYI,3
AI6SZ,KI6HLH,3
AI6SZ,KI6LCP,2
AJ6JN,AE6EO,1
AJ6JN,AG6SR,2
AJ6JN,AI6JI,1
AJ6JN,AJ6JN,99
AJ6JN,AJ6ME,1
AJ6JN,AJ6XZ,1
AJ6JN,K6FSH,1
AJ6JN,K6PAO,4
AJ6JN,KD6KDL,1
AJ6JN,KE6BJQ,1
AJ6JN,KE7JAC,1
AJ6JN,KF6ZSQ,1
AJ6JN,KG6TNE,2
AJ6JN,KG6VYI,2
AJ6JN,KI6HLH,1
AJ6JN,KI6LCP,2
AJ6ME,AE6EO,4
AJ6ME,AG6SR,2
AJ6ME,AI6JI,1
AJ6ME,AJ6JN,1
AJ6ME,AJ6ME,99
AJ6ME,AJ6XZ,1
AJ6ME,K6FSH,1
AJ6ME,K6PAO,4
AJ6ME,KD6KDL,1
AJ6ME,KE6BJQ,1
AJ6ME,KE7JAC,1
AJ6ME,KF6ZSQ,1
AJ6ME,KG6TNE,4
AJ6ME,KG6VYI,4
AJ6ME,KI6HLH,1
AJ6ME,KI6LCP,4
AJ6XZ-12,AE6EO,4
AJ6XZ-12,AG6SR,2
AJ6XZ-12,AI6JI,4
AJ6XZ-12,AJ6JN,2
AJ6XZ-12,AJ6ME,1
AJ6XZ-12,AJ6XZ,99
AJ6XZ-12,K6FSH,2
AJ6XZ-12,K6PAO,4
AJ6XZ-12,KD6KDL,1
AJ6XZ-12,KE6BJQ,1
AJ6XZ-12,KE7JAC,3
AJ6XZ-12,KF6ZSQ,1
AJ6XZ-12,KG6TNE,4
AJ6XZ-12,KG6VYI,4
AJ6XZ-12,KI6HLH,1
AJ6XZ-12,KI6LCP,4
AJ6XZ-3,AE6EO,3
AJ6XZ-3,AG6SR,1
AJ6XZ-3,AI6JI,4
AJ6XZ-3,AJ6JN,2
AJ6XZ-3,AJ6ME,4
AJ6XZ-3,AJ6XZ,99
AJ6XZ-3,K6FSH,2
AJ6XZ-3,K6PAO,4
AJ6XZ-3,KD6KDL,2
AJ6XZ-3,KE6BJQ,4
AJ6XZ-3,KE7JAC,4
AJ6XZ-3,KF6ZSQ,2
AJ6XZ-3,KG6TNE,1
AJ6XZ-3,KG6VYI,2
AJ6XZ-3,KI6HLH,1
AJ6XZ-3,KI6LCP,1
K6FSH,AE6EO,1
K6FSH,AG6SR,1
K6FSH,AI6JI,1
K6FSH,AJ6JN,1
K6FSH,AJ6ME,1
K6FSH,AJ6XZ,1
K6FSH,K6FSH,99
K6FSH,K6PAO,4
K6FSH,KD6KDL,1
K6FSH,KE6BJQ,1
K6FSH,KE7JAC,1
K6FSH,KF6ZSQ,1
K6FSH,KG6TNE,3
K6FSH,KG6VYI,1
K6FSH,KI6HLH,1
K6FSH,KI6LCP,1
K6PAO,AE6EO,4
K6PAO,AG6SR,4
K6PAO,AI6JI,4
K6PAO,AJ6JN,1
K6PAO,AJ6ME,4
K6PAO,AJ6XZ,4
K6PAO,K6FSH,4
K6PAO,K6PAO,99
K6PAO,KD6KDL,1
K6PAO,KE6BJQ,4
K6PAO,KE7JAC,4
K6PAO,KF6ZSQ,3
K6PAO,KG6TNE,4
K6PAO,KG6VYI,3
K6PAO,KI6HLH,3
K6PAO,KI6LCP,4
K6ZJI,AE6EO,4
K6ZJI,AG6SR,4
K6ZJI,AI6JI,1
K6ZJI,AJ6JN,1
K6ZJI,AJ6ME,1
K6ZJI,AJ6XZ,1
K6ZJI,K6FSH,2
K6ZJI,K6PAO,4
K6ZJI,KD6KDL,1
K6ZJI,KE6BJQ,1
K6ZJI,KE7JAC,2
K6ZJI,KF6ZSQ,2
K6ZJI,KG6TNE,4
K6ZJI,KG6VYI,1
K6ZJI,KI6HLH,3
K6ZJI,KI6LCP,2
KA6MZE-1,AE6EO,1
KA6MZE-1,AG6SR,4
KA6MZE-1,AI6JI,4
KA6MZE-1,AJ6JN,1
KA6MZE-1,AJ6ME,4
KA6MZE-1,AJ6XZ,4
KA6MZE-1,K6FSH,4
KA6MZE-1,K6PAO,4
KA6MZE-1,KD6KDL,1
KA6MZE-1,KE6BJQ,1
KA6MZE-1,KE7JAC,1
KA6MZE-1,KF6ZSQ,1
KA6MZE-1,KG6TNE,4
KA6MZE-1,KG6VYI,4
KA6MZE-1,KI6HLH,1
KA6MZE-1,KI6LCP,1
KA6MZE-2,AE6EO,4
KA6MZE-2,AG6SR,4
KA6MZE-2,AI6JI,2
KA6MZE-2,AJ6JN,2
KA6MZE-2,AJ6ME,1
KA6MZE-2,AJ6XZ,1
KA6MZE-2,K6FSH,1
KA6MZE-2,K6PAO,4
KA6MZE-2,KD6KDL,1
KA6MZE-2,KE6BJQ,1
KA6MZE-2,KE7JAC,2
KA6MZE-2,KF6ZSQ,1
KA6MZE-2,KG6TNE,4
KA6MZE-2,KG6VYI,4
KA6MZE-2,KI6HLH,1
KA6MZE-2,KI6LCP,3
KD6KDL,AE6EO,2
KD6KDL,AG6SR,4
KD6KDL,AI6JI,2
KD6KDL,AJ6JN,2
KD6KDL,AJ6ME,3
KD6KDL,AJ6XZ,2
KD6KDL,K6FSH,1
KD6KDL,K6PAO,4
KD6KDL,KD6KDL,99
KD6KDL,KE6BJQ,2
KD6KDL,KE7JAC,2
KD6KDL,KF6ZSQ,1
KD6KDL,KG6TNE,3
KD6KDL,KG6VYI,2
KD6KDL,KI6HLH,1
KD6KDL,KI6LCP,3
KE6BJQ-1,AE6EO,1
KE6BJQ-1,AG6SR,4
KE6BJQ-1,AI6JI,4
KE6BJQ-1,AJ6JN,3
KE6BJQ-1,AJ6ME,4
KE6BJQ-1,AJ6XZ,4
KE6BJQ-1,K6FSH,4
KE6BJQ-1,K6PAO,4
KE6BJQ-1,KD6KDL,3
KE6BJQ-1,KE6BJQ,99
KE6BJQ-1,KE7JAC,3
KE6BJQ-1,KF6ZSQ,3
KE6BJQ-1,KG6TNE,4
KE6BJQ-1,KG6VYI,4
KE6BJQ-1,KI6HLH,3
KE6BJQ-1,KI6LCP,1
KE6BJQ-2,AE6EO,4
KE6BJQ-2,AG6SR,1
KE6BJQ-2,AI6JI,2
KE6BJQ-2,AJ6JN,1
KE6BJQ-2,AJ6ME,1
KE6BJQ-2,AJ6XZ,1
KE6BJQ-2,K6FSH,2
KE6BJQ-2,K6PAO,4
KE6BJQ-2,KD6KDL,1
KE6BJQ-2,KE6BJQ,99
KE6BJQ-2,KE7JAC,3
KE6BJQ-2,KF6ZSQ,1
KE6BJQ-2,KG6TNE,4
KE6BJQ-2,KG6VYI,4
KE6BJQ-2,KI6HLH,3
KE6BJQ-2,KI6LCP,1
KE7JAC,AE6EO,2
KE7JAC,AG6SR,4
KE7JAC,AI6JI,3
KE7JAC,AJ6JN,1
KE7JAC,AJ6ME,3
KE7JAC,AJ6XZ,3
KE7JAC,K6FSH,3
KE7JAC,K6PAO,4
KE7JAC,KD6KDL,1
KE7JAC,KE6BJQ,3
KE7JAC,KE7JAC,99
KE7JAC,KF6ZSQ,1
KE7JAC,KG6TNE,4
KE7JAC,KG6VYI,3
KE7JAC,KI6HLH,1
KE7JAC,KI6LCP,3
KF6ZSQ,AE6EO,1
KF6ZSQ,AG6SR,2
KF6ZSQ,AI6JI,1
KF6ZSQ,AJ6JN,1
KF6ZSQ,AJ6ME,1
KF6ZSQ,AJ6XZ,1
KF6ZSQ,K6FSH,1
KF6ZSQ,K6PAO,4
KF6ZSQ,KD6KDL,1
KF6ZSQ,KE6BJQ,1
KF6ZSQ,KE7JAC,1
KF6ZSQ,KF6ZSQ,99
KF6ZSQ,KG6TNE,2
KF6ZSQ,KG6VYI,2
KF6ZSQ,KI6HLH,1
KF6ZSQ,KI6LCP,1
KG6TNE,AE6EO,1
KG6TNE,AG6SR,2
KG6TNE,AI6JI,4
KG6TNE,AJ6JN,3
KG6TNE,AJ6ME,1
KG6TNE,AJ6XZ,1
KG6TNE,K6FSH,3
KG6TNE,K6PAO,4
KG6TNE,KD6KDL,1
KG6TNE,KE6BJQ,1
KG6TNE,KE7JAC,3
KG6TNE,KF6ZSQ,2
KG6TNE,KG6TNE,99
KG6TNE,KG6VYI,3
KG6TNE,KI6HLH,2
KG6TNE,KI6LCP,1
KG6VYI,AE6EO,2
KG6VYI,AG6SR,4
KG6VYI,AI6JI,4
KG6VYI,AJ6JN,1
KG6VYI,AJ6ME,3
KG6VYI,AJ6XZ,2
KG6VYI,K6FSH,3
KG6VYI,K6PAO,4
KG6VYI,KD6KDL,1
KG6VYI,KE6BJQ,2
KG6VYI,KE7JAC,3
KG6VYI,KF6ZSQ,3
KG6VYI,KG6TNE,4
KG6VYI,KG6VYI,99
KG6VYI,KI6HLH,2
KG6VYI,KI6LCP,3
KG6VYP,AE6EO,3
KG6VYP,AG6SR,4
KG6VYP,AI6JI,3
KG6VYP,AJ6JN,2
KG6VYP,AJ6ME,3
KG6VYP,AJ6XZ,3
KG6VYP,K6FSH,3
KG6VYP,K6PAO,4
KG6VYP,KD6KDL,3
KG6VYP,KE6BJQ,1
KG6VYP,KE7JAC,3
KG6VYP,KF6ZSQ,3
KG6VYP,KG6TNE,4
KG6VYP,KG6VYI,3
KG6VYP,KI6HLH,3
KG6VYP,KI6LCP,3
KG6VYQ,AE6EO,4
KG6VYQ,AG6SR,4
KG6VYQ,AI6JI,4
KG6VYQ,AJ6JN,4
KG6VYQ,AJ6ME,4
KG6VYQ,AJ6XZ,4
KG6VYQ,K6FSH,4
KG6VYQ,K6PAO,4
KG6VYQ,KD6KDL,4
KG6VYQ,KE6BJQ,4
KG6VYQ,KE7JAC,4
KG6VYQ,KF6ZSQ,4
KG6VYQ,KG6TNE,4
KG6VYQ,KG6VYI,4
KG6VYQ,KI6HLH,4
KG6VYQ,KI6LCP,4
KI6HLH,AE6EO,2
KI6HLH,AG6SR,4
KI6HLH,AI6JI,1
KI6HLH,AJ6JN,1
KI6HLH,AJ6ME,1
KI6HLH,AJ6XZ,1
KI6HLH,K6FSH,2
KI6HLH,K6PAO,4
KI6HLH,KD6KDL,1
KI6HLH,KE6BJQ,1
KI6HLH,KE7JAC,1
KI6HLH,KF6ZSQ,1
KI6HLH,KG6TNE,4
KI6HLH,KG6VYI,2
KI6HLH,KI6HLH,99
KI6HLH,KI6LCP,2
KI6LCP,AE6EO,1
KI6LCP,AG6SR,1
KI6LCP,AI6JI,4
KI6LCP,AJ6JN,2
KI6LCP,AJ6ME,1
KI6LCP,AJ6XZ,1
KI6LCP,K6FSH,2
KI6LCP,K6PAO,4
KI6LCP,KD6KDL,3
KI6LCP,KE6BJQ,1
KI6LCP,KE7JAC,3
KI6LCP,KF6ZSQ,2
KI6LCP,KG6TNE,1
KI6LCP,KG6VYI,3
KI6LCP,KI6HLH,3
KI6LCP,KI6LCP,99
KI6MXP,AE6EO,2
KI6MXP,AG6SR,2
KI6MXP,AI6JI,1
KI6MXP,AJ6JN,1
KI6MXP,AJ6ME,2
KI6MXP,AJ6XZ,1
KI6MXP,K6FSH,2
KI6MXP,K6PAO,4
KI6MXP,KD6KDL,1
KI6MXP,KE6BJQ,1
KI6MXP,KE7JAC,1
KI6MXP,KF6ZSQ,1
KI6MXP,KG6TNE,2
KI6MXP,KG6VYI,3
KI6MXP,KI6HLH,4
KI6MXP,KI6LCP,4
KI6PUR,AE6EO,1
KI6PUR,AG6SR,2
KI6PUR,AI6JI,1
KI6PUR,AJ6JN,1
KI6PUR,AJ6ME,1
KI6PUR,AJ6XZ,1
KI6PUR,K6FSH,2
KI6PUR,K6PAO,1
KI6PUR,KD6KDL,1
KI6PUR,KE6BJQ,2
KI6PUR,KE7JAC,1
KI6PUR,KF6ZSQ,1
KI6PUR,KG6TNE,3
KI6PUR,KG6VYI,2
KI6PUR,KI6HLH,1
KI6PUR,KI6LCP,2
KI6PUW-123,AE6EO,3
KI6PUW-123,AG6SR,4
KI6PUW-123,AI6JI,3
KI6PUW-123,AJ6JN,3
KI6PUW-123,AJ6ME,3
KI6PUW-123,AJ6XZ,3
KI6PUW-123,K6FSH,3
KI6PUW-123,K6PAO,4
KI6PUW-123,KD6KDL,3
KI6PUW-123,KE6BJQ,3
KI6PUW-123,KE7JAC,3
KI6PUW-123,KF6ZSQ,3
KI6PUW-123,KG6TNE,4
KI6PUW-123,KG6VYI,3
KI6PUW-123,KI6HLH,3
KI6PUW-123,KI6LCP,3
KI6PUW-4,AE6EO,4
KI6PUW-4,AG6SR,4
KI6PUW-4,AI6JI,4
KI6PUW-4,AJ6JN,1
KI6PUW-4,AJ6ME,4
KI6PUW-4,AJ6XZ,4
KI6PUW-4,K6FSH,4
KI6PUW-4,K6PAO,1
KI6PUW-4,KD6KDL,1
KI6PUW-4,KE6BJQ,4
KI6PUW-4,KE7JAC,4
KI6PUW-4,KF6ZSQ,1
KI6PUW-4,KG6TNE,4
KI6PUW-4,KG6VYI,3
KI6PUW-4,KI6HLH,2
KI6PUW-4,KI6LCP,2
KI6PVA-1,AE6EO,2
KI6PVA-1,AG6SR,4
KI6PVA-1,AI6JI,3
KI6PVA-1,AJ6JN,2
KI6PVA-1,AJ6ME,3
KI6PVA-1,AJ6XZ,2
KI6PVA-1,K6FSH,3
KI6PVA-1,K6PAO,4
KI6PVA-1,KD6KDL,3
KI6PVA-1,KE6BJQ,3
KI6PVA-1,KE7JAC,3
KI6PVA-1,KF6ZSQ,3
KI6PVA-1,KG6TNE,3
KI6PVA-1,KG6VYI,1
KI6PVA-1,KI6HLH,3
KI6PVA-1,KI6LCP,3
KI6PVA-4,AE6EO,4
KI6PVA-4,AG6SR,4
KI6PVA-4,AI6JI,4
KI6PVA-4,AJ6JN,1
KI6PVA-4,AJ6ME,4
KI6PVA-4,AJ6XZ,4
KI6PVA-4,K6FSH,4
KI6PVA-4,K6PAO,1
KI6PVA-4,KD6KDL,1
KI6PVA-4,KE6BJQ,4
KI6PVA-4,KE7JAC,4
KI6PVA-4,KF6ZSQ,1
KI6PVA-4,KG6TNE,4
KI6PVA-4,KG6VYI,2
KI6PVA-4,KI6HLH,3
KI6PVA-4,KI6LCP,1
KI6VYM,AE6EO,3
KI6VYM,AG6SR,4
KI6VYM,AI6JI,4
KI6VYM,AJ6JN,1
KI6VYM,AJ6ME,4
KI6VYM,AJ6XZ,3
KI6VYM,K6FSH,3
KI6VYM,K6PAO,4
KI6VYM,KD6KDL,1
KI6VYM,KE6BJQ,4
KI6VYM,KE7JAC,4
KI6VYM,KF6ZSQ,1
KI6VYM,KG6TNE,4
KI6VYM,KG6VYI,3
KI6VYM,KI6HLH,1
KI6VYM,KI6LCP,3
KJ6AMM,AE6EO,1
KJ6AMM,AG6SR,1
KJ6AMM,AI6JI,1
KJ6AMM,AJ6JN,1
KJ6AMM,AJ6ME,1
KJ6AMM,AJ6XZ,1
KJ6AMM,K6FSH,1
KJ6AMM,K6PAO,1
KJ6AMM,KD6KDL,1
KJ6AMM,KE6BJQ,1
KJ6AMM,KE7JAC,1
KJ6AMM,KF6ZSQ,1
KJ6AMM,KG6TNE,2
KJ6AMM,KG6VYI,1
KJ6AMM,KI6HLH,1
KJ6AMM,KI6LCP,1
KJ6MIN,AE6EO,4
KJ6MIN,AG6SR,4
KJ6MIN,AI6JI,1
KJ6MIN,AJ6JN,3
KJ6MIN,AJ6ME,3
KJ6MIN,AJ6XZ,2
KJ6MIN,K6FSH,3
KJ6MIN,K6PAO,4
KJ6MIN,KD6KDL,1
KJ6MIN,KE6BJQ,3
KJ6MIN,KE7JAC,3
KJ6MIN,KF6ZSQ,3
KJ6MIN,KG6TNE,4
KJ6MIN,KG6VYI,4
KJ6MIN,KI6HLH,1
KJ6MIN,KI6LCP,3
KK6DZK,AE6EO,2
KK6DZK,AG6SR,4
KK6DZK,AI6JI,4
KK6DZK,AJ6JN,1
KK6DZK,AJ6ME,1
KK6DZK,AJ6XZ,1
KK6DZK,K6FSH,3
KK6DZK,K6PAO,4
KK6DZK,KD6KDL,3
KK6DZK,KE6BJQ,3
KK6DZK,KE7JAC,3
KK6DZK,KF6ZSQ,2
KK6DZK,KG6TNE,4
KK6DZK,KG6VYI,3
KK6DZK,KI6HLH,2
KK6DZK,KI6LCP,4
KK6EAW,AE6EO,1
KK6EAW,AG6SR,4
KK6EAW,AI6JI,4
KK6EAW,AJ6JN,2
KK6EAW,AJ6ME,4
KK6EAW,AJ6XZ,1
KK6EAW,K6FSH,3
KK6EAW,K6PAO,4
KK6EAW,KD6KDL,3
KK6EAW,KE6BJQ,4
KK6EAW,KE7JAC,3
KK6EAW,KF6ZSQ,3
KK6EAW,KG6TNE,4
KK6EAW,KG6VYI,3
KK6EAW,KI6HLH,3
KK6EAW,KI6LCP,1
KK6EKN-123,AE6EO,1
KK6EKN-123,AG6SR,1
KK6EKN-123,AI6JI,1
KK6EKN-123,AJ6JN,1
KK6EKN-123,AJ6ME,1
KK6EKN-123,AJ6XZ,1
KK6EKN-123,K6FSH,1
KK6EKN-123,K6PAO,4
KK6EKN-123,KD6KDL,1
KK6EKN-123,KE6BJQ,1
KK6EKN-123,KE7JAC,1
KK6EKN-123,KF6ZSQ,1
KK6EKN-123,KG6TNE,1
KK6EKN-123,KG6VYI,1
KK6EKN-123,KI6HLH,1
KK6EKN-123,KI6LCP,1
KK6EKN-4,AE6EO,4
KK6EKN-4,AG6SR,1
KK6EKN-4,AI6JI,4
KK6EKN-4,AJ6JN,1
KK6EKN-4,AJ6ME,4
KK6EKN-4,AJ6XZ,4
KK6EKN-4,K6FSH,4
KK6EKN-4,K6PAO,1
KK6EKN-4,KD6KDL,1
KK6EKN-4,KE6BJQ,4
KK6EKN-4,KE7JAC,4
KK6EKN-4,KF6ZSQ,1
KK6EKN-4,KG6TNE,4
KK6EKN-4,KG6VYI,1
KK6EKN-4,KI6HLH,1
KK6EKN-4,KI6LCP,1
KK6LTH,AE6EO,1
KK6LTH,AG6SR,1
KK6LTH,AI6JI,1
KK6LTH,AJ6JN,1
KK6LTH,AJ6ME,1
KK6LTH,AJ6XZ,1
KK6LTH,K6FSH,1
KK6LTH,K6PAO,4
KK6LTH,KD6KDL,1
KK6LTH,KE6BJQ,1
KK6LTH,KE7JAC,1
KK6LTH,KF6ZSQ,2
KK6LTH,KG6TNE,2
KK6LTH,KG6VYI,1
KK6LTH,KI6HLH,1
KK6LTH,KI6LCP,1
KK6LTX,AE6EO,1
KK6LTX,AG6SR,1
KK6LTX,AI6JI,2
KK6LTX,AJ6JN,1
KK6LTX,AJ6ME,1
KK6LTX,AJ6XZ,1
KK6LTX,K6FSH,2
KK6LTX,K6PAO,4
KK6LTX,KD6KDL,2
KK6LTX,KE6BJQ,1
KK6LTX,KE7JAC,3
KK6LTX,KF6ZSQ,2
KK6LTX,KG6TNE,2
KK6LTX,KG6VYI,3
KK6LTX,KI6HLH,2
KK6LTX,KI6LCP,1
KK6LUA,AE6EO,4
KK6LUA,AG6SR,4
KK6LUA,AI6JI,4
KK6LUA,AJ6JN,1
KK6LUA,AJ6ME,4
KK6LUA,AJ6XZ,4
KK6LUA,K6FSH,4
KK6LUA,K6PAO,4
KK6LUA,KD6KDL,1
KK6LUA,KE6BJQ,4
KK6LUA,KE7JAC,4
KK6LUA,KF6ZSQ,3
KK6LUA,KG6TNE,4
KK6LUA,KG6VYI,3
KK6LUA,KI6HLH,1
KK6LUA,KI6LCP,4
KK6TOZ,AE6EO,3
KK6TOZ,AG6SR,4
KK6TOZ,AI6JI,3
KK6TOZ,AJ6JN,1
KK6TOZ,AJ6ME,1
KK6TOZ,AJ6XZ,3
KK6TOZ,K6FSH,3
KK6TOZ,K6PAO,4
KK6TOZ,KD6KDL,1
KK6TOZ,KE6BJQ,3
KK6TOZ,KE7JAC,2
KK6TOZ,KF6ZSQ,2
KK6TOZ,KG6TNE,4
KK6TOZ,KG6VYI,3
KK6TOZ,KI6HLH,1
KK6TOZ,KI6LCP,3
KK6TPM,AE6EO,4
KK6TPM,AG6SR,4
KK6TPM,AI6JI,4
KK6TPM,AJ6JN,4
KK6TPM,AJ6ME,4
KK6TPM,AJ6XZ,4
KK6TPM,K6FSH,4
KK6TPM,K6PAO,4
KK6TPM,KD6KDL,4
KK6TPM,KE6BJQ,4
KK6TPM,KE7JAC,4
KK6TPM,KF6ZSQ,4
KK6TPM,KG6TNE,4
KK6TPM,KG6VYI,4
KK6TPM,KI6HLH,4
KK6TPM,KI6LCP,4
KM6EEI-12,AE6EO,2
KM6EEI-12,AG6SR,4
KM6EEI-12,AI6JI,2
KM6EEI-12,AJ6JN,2
KM6EEI-12,AJ6ME,2
KM6EEI-12,AJ6XZ,2
KM6EEI-12,K6FSH,3
KM6EEI-12,K6PAO,4
KM6EEI-12,KD6KDL,3
KM6EEI-12,KE6BJQ,2
KM6EEI-12,KE7JAC,3
KM6EEI-12,KF6ZSQ,2
KM6EEI-12,KG6TNE,3
KM6EEI-12,KG6VYI,4
KM6EEI-12,KI6HLH,2
KM6EEI-12,KI6LCP,2
KM6EEI-34,AE6EO,2
KM6EEI-34,AG6SR,4
KM6EEI-34,AI6JI,4
KM6EEI-34,AJ6JN,1
KM6EEI-34,AJ6ME,4
KM6EEI-34,AJ6XZ,1
KM6EEI-34,K6FSH,2
KM6EEI-34,K6PAO,4
KM6EEI-34,KD6KDL,1
KM6EEI-34,KE6BJQ,4
KM6EEI-34,KE7JAC,3
KM6EEI-34,KF6ZSQ,1
KM6EEI-34,KG6TNE,4
KM6EEI-34,KG6VYI,3
KM6EEI-34,KI6HLH,2
KM6EEI-34,KI6LCP,2
KM6I,AE6EO,4
KM6I,AG6SR,1
KM6I,AI6JI,3
KM6I,AJ6JN,1
KM6I,AJ6ME,3
KM6I,AJ6XZ,1
KM6I,K6FSH,3
KM6I,K6PAO,4
KM6I,KD6KDL,3
KM6I,KE6BJQ,1
KM6I,KE7JAC,3
KM6I,KF6ZSQ,3
KM6I,KG6TNE,4
KM6I,KG6VYI,4
KM6I,KI6HLH,1
KM6I,KI6LCP,4
KM6LTA,AE6EO,1
KM6LTA,AG6SR,1
KM6LTA,AI6JI,3
KM6LTA,AJ6JN,1
KM6LTA,AJ6ME,1
KM6LTA,AJ6XZ,1
KM6LTA,K6FSH,2
KM6LTA,K6PAO,4
KM6LTA,KD6KDL,2
KM6LTA,KE6BJQ,1
KM6LTA,KE7JAC,3
KM6LTA,KF6ZSQ,1
KM6LTA,KG6TNE,2
KM6LTA,KG6VYI,3
KM6LTA,KI6HLH,1
KM6LTA,KI6LCP,2
KN6BAW,AE6EO,4
KN6BAW,AG6SR,2
KN6BAW,AI6JI,2
KN6BAW,AJ6JN,1
KN6BAW,AJ6ME,2
KN6BAW,AJ6XZ,1
KN6BAW,K6FSH,2
KN6BAW,K6PAO,4
KN6BAW,KD6KDL,1
KN6BAW,KE6BJQ,1
KN6BAW,KE7JAC,3
KN6BAW,KF6ZSQ,2
KN6BAW,KG6TNE,4
KN6BAW,KG6VYI,4
KN6BAW,KI6HLH,1
KN6BAW,KI6LCP,2
KN6DSE,AE6EO,2
KN6DSE,AG6SR,2
KN6DSE,AI6JI,3
KN6DSE,AJ6JN,2
KN6DSE,AJ6ME,3
KN6DSE,AJ6XZ,3
KN6DSE,K6FSH,3
KN6DSE,K6PAO,4
KN6DSE,KD6KDL,3
KN6DSE,KE6BJQ,2
KN6DSE,KE7JAC,3
KN6DSE,KF6ZSQ,2
KN6DSE,KG6TNE,4
KN6DSE,KG6VYI,3
KN6DSE,KI6HLH,2
KN6DSE,KI6LCP,2
KN6EKC,AE6EO,4
KN6EKC,AG6SR,4
KN6EKC,AI6JI,3
KN6EKC,AJ6JN,1
KN6EKC,AJ6ME,2
KN6EKC,AJ6XZ,3
KN6EKC,K6FSH,3
KN6EKC,K6PAO,4
KN6EKC,KD6KDL,3
KN6EKC,KE6BJQ,3
KN6EKC,KE7JAC,3
KN6EKC,KF6ZSQ,3
KN6EKC,KG6TNE,4
KN6EKC,KG6VYI,3
KN6EKC,KI6HLH,3
KN6EKC,KI6LCP,4
KN6EKW,AE6EO,1
KN6EKW,AG6SR,4
KN6EKW,AI6JI,3
KN6EKW,AJ6JN,1
KN6EKW,AJ6ME,1
KN6EKW,AJ6XZ,1
KN6EKW,K6FSH,3
KN6EKW,K6PAO,4
KN6EKW,KD6KDL,1
KN6EKW,KE6BJQ,2
KN6EKW,KE7JAC,3
KN6EKW,KF6ZSQ,2
KN6EKW,KG6TNE,3
KN6EKW,KG6VYI,4
KN6EKW,KI6HLH,2
KN6EKW,KI6LCP,3
KN6GHD,AE6EO,4
KN6GHD,AG6SR,4
KN6GHD,AI6JI,3
KN6GHD,AJ6JN,1
KN6GHD,AJ6ME,3
KN6GHD,AJ6XZ,2
KN6GHD,K6FSH,2
KN6GHD,K6PAO,4
KN6GHD,KD6KDL,1
KN6GHD,KE6BJQ,4
KN6GHD,KE7JAC,3
KN6GHD,KF6ZSQ,2
KN6GHD,KG6TNE,4
KN6GHD,KG6VYI,3
KN6GHD,KI6HLH,2
KN6GHD,KI6LCP,2
KR6DD,AE6EO,2
KR6DD,AG6SR,4
KR6DD,AI6JI,3
KR6DD,AJ6JN,1
KR6DD,AJ6ME,3
KR6DD,AJ6XZ,3
KR6DD,K6FSH,3
KR6DD,K6PAO,4
KR6DD,KD6KDL,3
KR6DD,KE6BJQ,2
KR6DD,KE7JAC,3
KR6DD,KF6ZSQ,3
KR6DD,KG6TNE,4
KR6DD,KG6VYI,3
KR6DD,KI6HLH,2
KR6DD,KI6LCP,1
KZ6DM,AE6EO,1
KZ6DM,AG6SR,4
KZ6DM,AI6JI,1
KZ6DM,AJ6JN,2
KZ6DM,AJ6ME,1
KZ6DM,AJ6XZ,1
KZ6DM,K6FSH,1
KZ6DM,K6PAO,4
KZ6DM,KD6KDL,1
KZ6DM,KE6BJQ,1
KZ6DM,KE7JAC,1
KZ6DM,KF6ZSQ,1
KZ6DM,KG6TNE,4
KZ6DM,KG6VYI,1
KZ6DM,KI6HLH,1
KZ6DM,KI6LCP,1
N6IDV,AE6EO,1
N6IDV,AG6SR,2
N6IDV,AI6JI,4
N6IDV,AJ6JN,1
N6IDV,AJ6ME,4
N6IDV,AJ6XZ,1
N6IDV,K6FSH,1
N6IDV,K6PAO,4
N6IDV,KD6KDL,1
N6IDV,KE6BJQ,3
N6IDV,KE7JAC,1
N6IDV,KF6ZSQ,2
N6IDV,KG6TNE,3
N6IDV,KG6VYI,2
N6IDV,KI6HLH,1
N6IDV,KI6LCP,3
N6IHT,AE6EO,1
N6IHT,AG6SR,2
N6IHT,AI6JI,4
N6IHT,AJ6JN,1
N6IHT,AJ6ME,1
N6IHT,AJ6XZ,1
N6IHT,K6FSH,1
N6IHT,K6PAO,4
N6IHT,KD6KDL,1
N6IHT,KE6BJQ,1
N6IHT,KE7JAC,1
N6IHT,KF6ZSQ,1
N6IHT,KG6TNE,2
N6IHT,KG6VYI,1
N6IHT,KI6HLH,1
N6IHT,KI6LCP,2
N6YXJ,AE6EO,2
N6YXJ,AG6SR,2
N6YXJ,AI6JI,2
N6YXJ,AJ6JN,2
N6YXJ,AJ6ME,3
N6YXJ,AJ6XZ,2
N6YXJ,K6FSH,3
N6YXJ,K6PAO,4
N6YXJ,KD6KDL,1
N6YXJ,KE6BJQ,2
N6YXJ,KE7JAC,3
N6YXJ,KF6ZSQ,1
N6YXJ,KG6TNE,3
N6YXJ,KG6VYI,2
N6YXJ,KI6HLH,3
N6YXJ,KI6LCP,2
N9DK-1,AE6EO,3
N9DK-1,AG6SR,4
N9DK-1,AI6JI,4
N9DK-1,AJ6JN,1
N9DK-1,AJ6ME,4
N9DK-1,AJ6XZ,4
N9DK-1,K6FSH,4
N9DK-1,K6PAO,4
N9DK-1,KD6KDL,1
N9DK-1,KE6BJQ,3
N9DK-1,KE7JAC,1
N9DK-1,KF6ZSQ,1
N9DK-1,KG6TNE,4
N9DK-1,KG6VYI,4
N9DK-1,KI6HLH,1
N9DK-1,KI6LCP,1
N9DK-234,AE6EO,1
N9DK-234,AG6SR,2
N9DK-234,AI6JI,1
N9DK-234,AJ6JN,1
N9DK-234,AJ6ME,1
N9DK-234,AJ6XZ,1
N9DK-234,K6FSH,1
N9DK-234,K6PAO,4
N9DK-234,KD6KDL,1
N9DK-234,KE6BJQ,3
N9DK-234,KE7JAC,1
N9DK-234,KF6ZSQ,1
N9DK-234,KG6TNE,2
N9DK-234,KG6VYI,1
N9DK-234,KI6HLH,1
N9DK-234,KI6LCP,1
NE5NA,AE6EO,1
NE5NA,AG6SR,1
NE5NA,AI6JI,3
NE5NA,AJ6JN,1
NE5NA,AJ6ME,1
NE5NA,AJ6XZ,1
NE5NA,K6FSH,1
NE5NA,K6PAO,1
NE5NA,KD6KDL,1
NE5NA,KE6BJQ,1
NE5NA,KE7JAC,2
NE5NA,KF6ZSQ,1
NE5NA,KG6TNE,1
NE5NA,KG6VYI,1
NE5NA,KI6HLH,1
NE5NA,KI6LCP,1
W6OWI,AE6EO,2
W6OWI,AG6SR,4
W6OWI,AI6JI,4
W6OWI,AJ6JN,1
W6OWI,AJ6ME,1
W6OWI,AJ6XZ,2
W6OWI,K6FSH,2
W6OWI,K6PAO,4
W6OWI,KD6KDL,1
W6OWI,KE6BJQ,2
W6OWI,KE7JAC,2
W6OWI,KF6ZSQ,1
W6OWI,KG6TNE,4
W6OWI,KG6VYI,3
W6OWI,KI6HLH,2
W6OWI,KI6LCP,3
WA1IAM,AE6EO,1
WA1IAM,AG6SR,1
WA1IAM,AI6JI,4
WA1IAM,AJ6JN,1
WA1IAM,AJ6ME,4
WA1IAM,AJ6XZ,1
WA1IAM,K6FSH,1
WA1IAM,K6PAO,4
WA1IAM,KD6KDL,1
WA1IAM,KE6BJQ,1
WA1IAM,KE7JAC,1
WA1IAM,KF6ZSQ,1
WA1IAM,KG6TNE,4
WA1IAM,KG6VYI,1
WA1IAM,KI6HLH,1
WA1IAM,KI6LCP,4
WU6K,AE6EO,1
WU6K,AG6SR,4
WU6K,AI6JI,1
WU6K,AJ6JN,1
WU6K,AJ6ME,2
WU6K,AJ6XZ,1
WU6K,K6FSH,3
WU6K,K6PAO,4
WU6K,KD6KDL,1
WU6K,KE6BJQ,1
WU6K,KE7JAC,1
WU6K,KF6ZSQ,1
WU6K,KG6TNE,4
WU6K,KG6VYI,2
WU6K,KI6HLH,1
WU6K,KI6LCP,1