AE6EO-1,AJ6JN,Good
AE6EO-1,KD6KDL,Good
AE6EO-1,KE6BJQ,Good
AE6EO-1,KE7JAC,Good
AE6EO-1,KF6ZSQ,Good
AE6EO-1,KI6HLH,Poor
AE6EO-1,KI6MXP,Poor
AE6EO-1,KI6PUR,Good
AE6EO-1,KJ6AMM,Good
AE6EO-1,KK6EKN,Good
AE6EO-1,KM6EEI,Good
AE6EO-1,KN6EKC,Good
AE6EO-1,N6IHT,Good
AE6EO-1,N9DK,Good
AE6EO-1,WA1IAM,Good
AE6EO-1,WU6K,Good
AE6EO-3,AG6SR,Good
AE6EO-3,AJ6JN,Good
AE6EO-3,AJ6XZ,Good
AE6EO-3,K6FSH,Good
AE6EO-3,KD6KDL,Good
AE6EO-3,KE7JAC,Good
AE6EO-3,KF6ZSQ,Good
AE6EO-3,KG6TNE,Good
AE6EO-3,KG6VYI,Good
AE6EO-3,KI6HLH,Good
AE6EO-3,KI6LCP,Good
AE6EO-3,KI6MXP,Good
AE6EO-3,KI6PUR,Good
AE6EO-3,KI6PUW,Good
AE6EO-3,KI6VYM,Good
AE6EO-3,KJ6AMM,Good
AE6EO-3,KK6EAW,Good
AE6EO-3,KK6EKN,Good
AE6EO-3,KK6LTH,Good
AE6EO-3,KK6TOZ,Good
AE6EO-3,KM6EEI,Good
AE6EO-3,KM6LTA,Good
AE6EO-3,KN6GHD,Good
AE6EO-3,KR6DD,Good
AE6EO-3,KZ6DM,Good
AE6EO-3,N6IDV,Good
AE6EO-3,N6IHT,Good
AE6EO-3,N9DK,Good
AE6EO-3,NE5NA,Good
AE6EO-3,WA1IAM,Good
AE6EO-3,WU6K,Good
AG6SR,AE6EO,Good
AG6SR,AJ6ME,Unint
AG6SR,AJ6XZ,Unint
AG6SR,K6FSH,Unint
AG6SR,KD6KDL,Unint
AG6SR,KE6BJQ,Good
AG6SR,KE7JAC,Unint
AG6SR,KF6ZSQ,Unint
AG6SR,KG6VYI,Unint
AG6SR,KI6HLH,Unint
AG6SR,KI6LCP,Good
AG6SR,KI6MXP,Unint
AG6SR,KI6PUR,Unint
AG6SR,KI6PUW,Unint
AG6SR,KJ6AMM,Unint
AG6SR,KK6EAW,Poor
AG6SR,KK6EKN,Good
AG6SR,KK6LTH,Unint
AG6SR,KK6LTX,Good
AG6SR,KK6TOZ,Unint
AG6SR,KM6EEI,Unint
AG6SR,KM6I,Unint
AG6SR,KM6LTA,Unint
AG6SR,KN6DSE,Unint
AG6SR,KN6EKC,Unint
AG6SR,KN6GHD,Unint
AG6SR,KR6DD,Unint
AG6SR,KZ6DM,Unint
AG6SR,N6IDV,Unint
AG6SR,N6IHT,Unint
AG6SR,N9DK,Unint
AG6SR,NE5NA,Good
AG6SR,WA1IAM,Unint
AG6SR,WU6K,Unint
AI6KG,AE6EO,Good
AI6KG,AG6SR,Poor
AI6KG,AI6JI,Unint
AI6KG,AI6KG,Trans
AI6KG,AJ6JN,Good
AI6KG,AJ6ME,Good
AI6KG,AJ6XZ,Good
AI6KG,K6FSH,Good
AI6KG,KD6KDL,Good
AI6KG,KE6BJQ,Good
AI6KG,KE7JAC,Good
AI6KG,KF6ZSQ,Good
AI6KG,KG6VYI,Good
AI6KG,KI6HLH,Good
AI6KG,KI6LCP,Good
AI6KG,KI6MXP,Good
AI6KG,KI6PUR,Good
AI6KG,KI6PUW,Good
AI6KG,KI6PVA,Good
AI6KG,KI6VYM,Good
AI6KG,KJ6AMM,Good
AI6KG,KJ6MIN,Unint
AI6KG,KK6DZK,Good
AI6KG,KK6EAW,Good
AI6KG,KK6EKN,Good
AI6KG,KK6LTH,Good
AI6KG,KK6TOZ,Good
AI6KG,KM6EEI,Poor
AI6KG,KM6I,Good
AI6KG,KM6LTA,Good
AI6KG,KN6BAW,Good
AI6KG,KN6DSE,Good
AI6KG,KN6EKC,Good
AI6KG,KN6EKW,Good
AI6KG,KN6GHD,Good
AI6KG,KR6DD,Unint
AI6KG,KZ6DM,Good
AI6KG,N6IDV,Good
AI6KG,N6IHT,Good
AI6KG,N9DK,Good
AI6KG,NE5NA,Good
AI6KG,WA1IAM,Good
AI6KG,WU6K,Good
AI6SZ,AE6EO,Poor
AI6SZ,AI6SZ,Trans
AI6SZ,AJ6JN,Good
AI6SZ,AJ6ME,Unint
AI6SZ,AJ6XZ,Unint
AI6SZ,K6FSH,Unint
AI6SZ,KD6KDL,Unint
AI6SZ,KE6BJQ,Poor
AI6SZ,KE7JAC,Unint
AI6SZ,KF6ZSQ,Poor
AI6SZ,KG6VYI,Unint
AI6SZ,KI6HLH,Unint
AI6SZ,KI6LCP,Unint
AI6SZ,KI6MXP,Unint
AI6SZ,KI6PUR,Poor
AI6SZ,KI6PUW,Poor
AI6SZ,KI6PVA,Good
AI6SZ,KJ6AMM,Good
AI6SZ,KK6EAW,Unint
AI6SZ,KK6EKN,Good
AI6SZ,KK6LTH,Good
AI6SZ,KK6LTX,Poor
AI6SZ,KK6TOZ,Unint
AI6SZ,KM6EEI,Good
AI6SZ,KM6I,Good
AI6SZ,KM6LTA,Poor
AI6SZ,KN6BAW,Good
AI6SZ,KN6DSE,Good
AI6SZ,KN6EKC,Unint
AI6SZ,KN6GHD,Unint
AI6SZ,KR6DD,Unint
AI6SZ,KZ6DM,Poor
AI6SZ,N6IDV,Poor
AI6SZ,N6IHT,Poor
AI6SZ,N9DK,Poor
AI6SZ,NE5NA,Poor
AI6SZ,WA1IAM,Poor
AI6SZ,WU6K,Poor
AJ6JN,AE6EO,Good
AJ6JN,AG6SR,Poor
AJ6JN,AI6JI,Good
AJ6JN,AJ6ME,Good
AJ6JN,AJ6XZ,Good
AJ6JN,K6FSH,Good
AJ6JN,KD6KDL,Good
AJ6JN,KE6BJQ,Good
AJ6JN,KE7JAC,Good
AJ6JN,KF6ZSQ,Good
AJ6JN,KG6TNE,Poor
AJ6JN,KG6VYI,Good
AJ6JN,KI6HLH,Good
AJ6JN,KI6LCP,Poor
AJ6JN,KI6MXP,Good
AJ6JN,KI6PUR,Good
AJ6JN,KI6PUW,Good
AJ6JN,KI6PVA,Good
AJ6JN,KJ6AMM,Good
AJ6JN,KK6DZK,Good
AJ6JN,KK6EAW,Unint
AJ6JN,KK6EKN,Good
AJ6JN,KK6LTH,Good
AJ6JN,KK6LTX,Good
AJ6JN,KK6TOZ,Good
AJ6JN,KM6EEI,Good
AJ6JN,KM6I,Good
AJ6JN,KM6LTA,Good
AJ6JN,KN6BAW,Good
AJ6JN,KN6DSE,Good
AJ6JN,KN6EKC,Good
AJ6JN,KN6EKW,Good
AJ6JN,KN6GHD,Good
AJ6JN,KR6DD,Unint
AJ6JN,KZ6DM,Good
AJ6JN,N6IDV,Good
AJ6JN,N6IHT,Good
AJ6JN,N9DK,Good
AJ6JN,NE5NA,Good
AJ6JN,WA1IAM,Good
AJ6JN,WU6K,Poor
AJ6ME,AG6SR,Poor
AJ6ME,AI6JI,Good
AJ6ME,AJ6JN,Good
AJ6ME,AJ6XZ,Good
AJ6ME,K6FSH,Good
AJ6ME,KD6KDL,Good
AJ6ME,KE6BJQ,Good
AJ6ME,KE7JAC,Good
AJ6ME,KF6ZSQ,Good
AJ6ME,KI6HLH,Good
AJ6ME,KI6MXP,Good
AJ6ME,KI6PUR,Good
AJ6ME,KI6PUW,Good
AJ6ME,KJ6AMM,Good
AJ6ME,KJ6MIN,Poor
AJ6ME,KK6DZK,Poor
AJ6ME,KK6EKN,Good
AJ6ME,KK6LTH,Good
AJ6ME,KK6TOZ,Good
AJ6ME,KM6I,Poor
AJ6ME,KM6LTA,Good
AJ6ME,KN6BAW,Good
AJ6ME,KN6DSE,Poor
AJ6ME,KN6EKC,Good
AJ6ME,KN6EKW,Poor
AJ6ME,KN6GHD,Good
AJ6ME,KR6DD,Poor
AJ6ME,KZ6DM,Good
AJ6ME,N9DK,Good
AJ6ME,WU6K,Poor
AJ6XZ-2,AG6SR,Poor
AJ6XZ-2,AJ6JN,Poor
AJ6XZ-2,AJ6ME,Good
AJ6XZ-2,K6FSH,Poor
AJ6XZ-2,KD6KDL,Good
AJ6XZ-2,KE6BJQ,Good
AJ6XZ-2,KE7JAC,Unint
AJ6XZ-2,KF6ZSQ,Good
AJ6XZ-2,KI6HLH,Good
AJ6XZ-2,KI6MXP,Good
AJ6XZ-2,KI6PUR,Good
AJ6XZ-2,KI6PUW,Good
AJ6XZ-2,KI6VYM,Poor
AJ6XZ-2,KJ6AMM,Good
AJ6XZ-2,KJ6MIN,Good
AJ6XZ-2,KK6DZK,Poor
AJ6XZ-2,KK6EKN,Good
AJ6XZ-2,KK6LTH,Good
AJ6XZ-2,KK6LTX,Good
AJ6XZ-2,KK6TOZ,Unint
AJ6XZ-2,KM6I,Good
AJ6XZ-2,KM6LTA,Good
AJ6XZ-2,KN6DSE,Good
AJ6XZ-2,KN6EKC,Good
AJ6XZ-2,KN6EKW,Good
AJ6XZ-2,KN6GHD,Good
AJ6XZ-2,KR6DD,Unint
AJ6XZ-2,KZ6DM,Good
AJ6XZ-2,N9DK,Good
AJ6XZ-2,WU6K,Unint
AJ6XZ-3,AE6EO,Unint
AJ6XZ-3,AG6SR,Good
AJ6XZ-3,AJ6JN,Good
AJ6XZ-3,K6FSH,Poor
AJ6XZ-3,KD6KDL,Good
AJ6XZ-3,KF6ZSQ,Unint
AJ6XZ-3,KG6TNE,Good
AJ6XZ-3,KG6VYI,Good
AJ6XZ-3,KI6HLH,Good
AJ6XZ-3,KI6MXP,Good
AJ6XZ-3,KI6PUR,Good
AJ6XZ-3,KI6PUW,Good
AJ6XZ-3,KJ6AMM,Good
AJ6XZ-3,KK6EAW,Poor
AJ6XZ-3,KK6EKN,Good
AJ6XZ-3,KK6LTH,Good
AJ6XZ-3,KK6LTX,Good
AJ6XZ-3,KK6TOZ,Poor
AJ6XZ-3,KM6EEI,Poor
AJ6XZ-3,KM6LTA,Good
AJ6XZ-3,KN6GHD,Good
AJ6XZ-3,KR6DD,Unint
AJ6XZ-3,KZ6DM,Good
AJ6XZ-3,N6IDV,Good
AJ6XZ-3,N6IHT,Good
AJ6XZ-3,N9DK,Good
AJ6XZ-3,NE5NA,Unint
AJ6XZ-3,WA1IAM,Good
AJ6XZ-3,WU6K,Good
K6FSH,AE6EO,Good
K6FSH,AG6SR,Good
K6FSH,AI6JI,Good
K6FSH,AJ6JN,Good
K6FSH,AJ6ME,Good
K6FSH,AJ6XZ,Good
K6FSH,KD6KDL,Good
K6FSH,KE6BJQ,Good
K6FSH,KE7JAC,Good
K6FSH,KF6ZSQ,Good
K6FSH,KG6TNE,Unint
K6FSH,KG6VYI,Good
K6FSH,KI6HLH,Good
K6FSH,KI6LCP,Good
K6FSH,KI6MXP,Good
K6FSH,KI6PUR,Good
K6FSH,KI6PUW,Poor
K6FSH,KI6PVA,Good
K6FSH,KI6VYM,Good
K6FSH,KJ6AMM,Good
K6FSH,KK6DZK,Poor
K6FSH,KK6EKN,Good
K6FSH,KK6LTH,Good
K6FSH,KK6LTX,Good
K6FSH,KK6TOZ,Good
K6FSH,KM6EEI,Poor
K6FSH,KM6LTA,Good
K6FSH,KN6BAW,Good
K6FSH,KN6DSE,Good
K6FSH,KN6EKC,Poor
K6FSH,KN6EKW,Good
K6FSH,KN6GHD,Poor
K6FSH,KR6DD,Unint
K6FSH,KZ6DM,Good
K6FSH,N6IDV,Good
K6FSH,N6IHT,Good
K6FSH,N9DK,Good
K6FSH,NE5NA,Good
K6FSH,WA1IAM,Good
K6FSH,WU6K,Poor
K6ZJI,AI6JI,Good
K6ZJI,AJ6JN,Good
K6ZJI,AJ6ME,Good
K6ZJI,AJ6XZ,Good
K6ZJI,K6FSH,Poor
K6ZJI,K6ZJI,Trans
K6ZJI,KE6BJQ,Good
K6ZJI,KE7JAC,Unint
K6ZJI,KF6ZSQ,Unint
K6ZJI,KI6HLH,Unint
K6ZJI,KI6LCP,Poor
K6ZJI,KI6MXP,Unint
K6ZJI,KI6PUR,Good
K6ZJI,KI6PUW,Good
K6ZJI,KI6VYM,Poor
K6ZJI,KJ6AMM,Good
K6ZJI,KJ6MIN,Unint
K6ZJI,KK6EKN,Unint
K6ZJI,KK6LTH,Good
K6ZJI,KK6LTX,Unint
K6ZJI,KK6TOZ,Unint
K6ZJI,KM6EEI,Unint
K6ZJI,KM6I,Good
K6ZJI,KM6LTA,Good
K6ZJI,KN6BAW,Poor
K6ZJI,KN6DSE,Unint
K6ZJI,KN6EKC,Unint
K6ZJI,KN6GHD,Good
K6ZJI,KR6DD,Unint
K6ZJI,KZ6DM,Good
K6ZJI,N9DK,Good
K6ZJI,WU6K,Good
KA6MZE-1,AE6EO,Good
KA6MZE-1,AJ6JN,Good
KA6MZE-1,KA6MZE-1,Trans
KA6MZE-1,KD6KDL,Good
KA6MZE-1,KE6BJQ,Good
KA6MZE-1,KE7JAC,Good
KA6MZE-1,KF6ZSQ,Good
KA6MZE-1,KI6HLH,Good
KA6MZE-1,KI6LCP,Good
KA6MZE-1,KI6MXP,Good
KA6MZE-1,KI6PUR,Good
KA6MZE-1,KJ6AMM,Good
KA6MZE-1,KK6EKN,Good
KA6MZE-1,KM6EEI,Unint
KA6MZE-1,KN6EKC,Unint
KA6MZE-1,KN6EKW,Poor
KA6MZE-1,KZ6DM,Good
KA6MZE-1,N6IHT,Good
KA6MZE-1,N9DK,Good
KA6MZE-1,WA1IAM,Good
KA6MZE-1,WU6K,Good
KA6MZE-2,AI6JI,Poor
KA6MZE-2,AJ6JN,Poor
KA6MZE-2,AJ6ME,Good
KA6MZE-2,AJ6XZ,Good
KA6MZE-2,K6FSH,Good
KA6MZE-2,KA6MZE-2,Trans
KA6MZE-2,KD6KDL,Good
KA6MZE-2,KE6BJQ,Good
KA6MZE-2,KE7JAC,Poor
KA6MZE-2,KF6ZSQ,Good
KA6MZE-2,KI6HLH,Good
KA6MZE-2,KI6LCP,Unint
KA6MZE-2,KI6MXP,Good
KA6MZE-2,KI6PUR,Good
KA6MZE-2,KI6PUW,Good
KA6MZE-2,KJ6AMM,Good
KA6MZE-2,KK6EKN,Good
KA6MZE-2,KK6LTH,Good
KA6MZE-2,KK6LTX,Poor
KA6MZE-2,KK6TOZ,Poor
KA6MZE-2,KM6EEI,Unint
KA6MZE-2,KM6I,Good
KA6MZE-2,KM6LTA,Good
KA6MZE-2,KN6BAW,Unint
KA6MZE-2,KN6DSE,Good
KA6MZE-2,KN6EKC,Unint
KA6MZE-2,KN6EKW,Poor
KA6MZE-2,KN6GHD,Unint
KA6MZE-2,KR6DD,Unint
KA6MZE-2,KZ6DM,Good
KA6MZE-2,N9DK,Good
KA6MZE-2,WU6K,Poor
KD6KDL,AE6EO,Poor
KD6KDL,AI6JI,Poor
KD6KDL,AJ6JN,Poor
KD6KDL,AJ6ME,Unint
KD6KDL,AJ6XZ,Unint
KD6KDL,K6FSH,Good
KD6KDL,KE6BJQ,Poor
KD6KDL,KE7JAC,Poor
KD6KDL,KF6ZSQ,Good
KD6KDL,KG6TNE,Unint
KD6KDL,KG6VYI,Poor
KD6KDL,KI6HLH,Good
KD6KDL,KI6LCP,Unint
KD6KDL,KI6MXP,Good
KD6KDL,KI6PUR,Good
KD6KDL,KI6PUW,Unint
KD6KDL,KI6VYM,Good
KD6KDL,KJ6AMM,Poor
KD6KDL,KK6EAW,Unint
KD6KDL,KK6EKN,Poor
KD6KDL,KK6LTH,Unint
KD6KDL,KK6LTX,Unint
KD6KDL,KK6TOZ,Poor
KD6KDL,KM6EEI,Unint
KD6KDL,KM6I,Good
KD6KDL,KM6LTA,Unint
KD6KDL,KN6BAW,Unint
KD6KDL,KN6DSE,Unint
KD6KDL,KN6EKC,Unint
KD6KDL,KN6GHD,Unint
KD6KDL,KR6DD,Unint
KD6KDL,KZ6DM,Good
KD6KDL,N6IDV,Good
KD6KDL,N6IHT,Good
KD6KDL,N9DK,Good
KD6KDL,NE5NA,Good
KD6KDL,WA1IAM,Good
KD6KDL,WU6K,Good
KE6BJQ-1,AE6EO,Good
KE6BJQ-1,AJ6JN,Unint
KE6BJQ-1,KD6KDL,Unint
KE6BJQ-1,KE7JAC,Unint
KE6BJQ-1,KF6ZSQ,Unint
KE6BJQ-1,KI6HLH,Unint
KE6BJQ-1,KI6LCP,Good
KE6BJQ-1,KI6MXP,Unint
KE6BJQ-1,KI6PUR,Poor
KE6BJQ-1,KJ6AMM,Unint
KE6BJQ-1,KK6EKN,Good
KE6BJQ-1,KM6EEI,Unint
KE6BJQ-1,KN6EKC,Unint
KE6BJQ-1,KN6EKW,Unint
KE6BJQ-1,N6IHT,Poor
KE6BJQ-1,N9DK,Unint
KE6BJQ-1,WA1IAM,Unint
KE6BJQ-1,WU6K,Unint
KE6BJQ-2,AG6SR,Good
KE6BJQ-2,AI6JI,Poor
KE6BJQ-2,AJ6JN,Good
KE6BJQ-2,AJ6ME,Good
KE6BJQ-2,AJ6XZ,Good
KE6BJQ-2,K6FSH,Poor
KE6BJQ-2,KD6KDL,Good
KE6BJQ-2,KE7JAC,Unint
KE6BJQ-2,KF6ZSQ,Good
KE6BJQ-2,KI6HLH,Unint
KE6BJQ-2,KI6LCP,Good
KE6BJQ-2,KI6MXP,Unint
KE6BJQ-2,KI6PUR,Good
KE6BJQ-2,KI6PUW,Good
KE6BJQ-2,KJ6AMM,Good
KE6BJQ-2,KJ6MIN,Poor
KE6BJQ-2,KK6DZK,Good
KE6BJQ-2,KK6EKN,Good
KE6BJQ-2,KK6LTH,Good
KE6BJQ-2,KK6LTX,Good
KE6BJQ-2,KK6TOZ,Unint
KE6BJQ-2,KM6EEI,Poor
KE6BJQ-2,KM6I,Good
KE6BJQ-2,KM6LTA,Poor
KE6BJQ-2,KN6BAW,Good
KE6BJQ-2,KN6DSE,Poor
KE6BJQ-2,KN6EKC,Good
KE6BJQ-2,KN6GHD,Unint
KE6BJQ-2,KR6DD,Unint
KE6INY,AJ6JN,Good
KE6INY,AJ6ME,Unint
KE6INY,AJ6XZ,Unint
KE6INY,K6FSH,Unint
KE6INY,KD6KDL,Unint
KE6INY,KE6BJQ,Unint
KE6INY,KE6INY,Trans
KE6INY,KF6ZSQ,Unint
KE6INY,KI6HLH,Unint
KE6INY,KI6MXP,Unint
KE6INY,KI6PUR,Good
KE6INY,KI6PUW,Unint
KE6INY,KJ6AMM,Unint
KE6INY,KK6EKN,Unint
KE6INY,KK6TOZ,Unint
KE6INY,KM6LTA,Unint
KE6INY,KN6DSE,Unint
KE6INY,KN6EKC,Unint
KE6INY,KR6DD,Unint
KE6INY,WU6K,Unint
KE7JAC,AE6EO,Poor
KE7JAC,AI6JI,Unint
KE7JAC,AJ6JN,Poor
KE7JAC,AJ6ME,Unint
KE7JAC,AJ6XZ,Unint
KE7JAC,K6FSH,Unint
KE7JAC,KD6KDL,Good
KE7JAC,KE6BJQ,Unint
KE7JAC,KF6ZSQ,Good
KE7JAC,KG6VYI,Unint
KE7JAC,KI6HLH,Good
KE7JAC,KI6LCP,Unint
KE7JAC,KI6MXP,Good
KE7JAC,KI6PUR,Good
KE7JAC,KI6PUW,Unint
KE7JAC,KI6VYM,Good
KE7JAC,KJ6AMM,Poor
KE7JAC,KJ6MIN,Poor
KE7JAC,KK6EKN,Unint
KE7JAC,KK6LTH,Poor
KE7JAC,KK6TOZ,Poor
KE7JAC,KM6EEI,Unint
KE7JAC,KM6I,Good
KE7JAC,KM6LTA,Unint
KE7JAC,KN6BAW,Unint
KE7JAC,KN6DSE,Unint
KE7JAC,KN6EKC,Unint
KE7JAC,KN6GHD,Unint
KE7JAC,KR6DD,Unint
KE7JAC,KZ6DM,Good
KE7JAC,N6IDV,Good
KE7JAC,N6IHT,Good
KE7JAC,N9DK,Good
KE7JAC,NE5NA,Unint
KE7JAC,WA1IAM,Good
KE7JAC,WU6K,Good
KF6ZSQ,AE6EO,Good
KF6ZSQ,AG6SR,Poor
KF6ZSQ,AI6JI,Good
KF6ZSQ,AJ6JN,Good
KF6ZSQ,AJ6ME,Good
KF6ZSQ,AJ6XZ,Good
KF6ZSQ,K6FSH,Good
KF6ZSQ,KD6KDL,Good
KF6ZSQ,KE6BJQ,Good
KF6ZSQ,KE7JAC,Good
KF6ZSQ,KG6TNE,Unint
KF6ZSQ,KG6VYI,Good
KF6ZSQ,KI6HLH,Good
KF6ZSQ,KI6LCP,Good
KF6ZSQ,KI6MXP,Good
KF6ZSQ,KI6PUR,Good
KF6ZSQ,KI6PUW,Poor
KF6ZSQ,KI6PVA,Poor
KF6ZSQ,KI6VYM,Good
KF6ZSQ,KJ6AMM,Good
KF6ZSQ,KK6EKN,Good
KF6ZSQ,KK6LTH,Good
KF6ZSQ,KK6LTX,Good
KF6ZSQ,KK6TOZ,Good
KF6ZSQ,KM6EEI,Poor
KF6ZSQ,KM6LTA,Good
KF6ZSQ,KN6BAW,Poor
KF6ZSQ,KN6DSE,Good
KF6ZSQ,KN6EKC,Good
KF6ZSQ,KN6EKW,Poor
KF6ZSQ,KN6GHD,Good
KF6ZSQ,KR6DD,Poor
KF6ZSQ,KZ6DM,Good
KF6ZSQ,N6IDV,Good
KF6ZSQ,N6IHT,Poor
KF6ZSQ,N9DK,Good
KF6ZSQ,NE5NA,Good
KF6ZSQ,WA1IAM,Good
KF6ZSQ,WU6K,Good
KG6TNE,AE6EO,Good
KG6TNE,AG6SR,Poor
KG6TNE,AJ6JN,Poor
KG6TNE,AJ6ME,Good
KG6TNE,AJ6XZ,Good
KG6TNE,K6FSH,Unint
KG6TNE,KD6KDL,Good
KG6TNE,KE6BJQ,Good
KG6TNE,KE7JAC,Unint
KG6TNE,KF6ZSQ,Poor
KG6TNE,KI6HLH,Poor
KG6TNE,KI6LCP,Good
KG6TNE,KI6MXP,Poor
KG6TNE,KI6PUR,Poor
KG6TNE,KI6PUW,Unint
KG6TNE,KJ6AMM,Poor
KG6TNE,KK6EAW,Good
KG6TNE,KK6EKN,Good
KG6TNE,KK6LTH,Unint
KG6TNE,KK6LTX,Good
KG6TNE,KK6TOZ,Unint
KG6TNE,KM6EEI,Unint
KG6TNE,KM6I,Good
KG6TNE,KM6LTA,Good
KG6TNE,KN6BAW,Unint
KG6TNE,KN6GHD,Unint
KG6TNE,KR6DD,Unint
KG6TNE,KZ6DM,Poor
KG6TNE,N6IDV,Unint
KG6TNE,N6IHT,Unint
KG6TNE,N9DK,Unint
KG6TNE,NE5NA,Good
KG6TNE,WA1IAM,Poor
KG6TNE,WU6K,Unint
KG6VYI,AE6EO,Poor
KG6VYI,AJ6JN,Good
KG6VYI,AJ6ME,Unint
KG6VYI,AJ6XZ,Poor
KG6VYI,K6FSH,Unint
KG6VYI,KD6KDL,Poor
KG6VYI,KE6BJQ,Unint
KG6VYI,KE7JAC,Unint
KG6VYI,KF6ZSQ,Unint
KG6VYI,KI6HLH,Poor
KG6VYI,KI6LCP,Unint
KG6VYI,KI6MXP,Poor
KG6VYI,KI6PUR,Unint
KG6VYI,KI6PUW,Unint
KG6VYI,KJ6AMM,Good
KG6VYI,KJ6MIN,Unint
KG6VYI,KK6EAW,Good
KG6VYI,KK6EKN,Unint
KG6VYI,KK6LTH,Good
KG6VYI,KK6LTX,Unint
KG6VYI,KK6TOZ,Unint
KG6VYI,KM6EEI,Unint
KG6VYI,KM6I,Poor
KG6VYI,KM6LTA,Unint
KG6VYI,KN6DSE,Good
KG6VYI,KN6EKC,Unint
KG6VYI,KN6EKW,Good
KG6VYI,KN6GHD,Unint
KG6VYI,KR6DD,Unint
KG6VYI,KZ6DM,Poor
KG6VYI,N6IDV,Poor
KG6VYI,N6IHT,Poor
KG6VYI,N9DK,Poor
KG6VYI,NE5NA,Poor
KG6VYI,WA1IAM,Unint
KG6VYI,WU6K,Unint
KG6VYP,AE6EO,Unint
KG6VYP,AI6JI,Unint
KG6VYP,AJ6JN,Poor
KG6VYP,AJ6ME,Unint
KG6VYP,AJ6XZ,Unint
KG6VYP,K6FSH,Unint
KG6VYP,KD6KDL,Unint
KG6VYP,KE6BJQ,Good
KG6VYP,KE7JAC,Unint
KG6VYP,KF6ZSQ,Unint
KG6VYP,KG6VYI,Unint
KG6VYP,KG6VYP,Trans
KG6VYP,KI6HLH,Unint
KG6VYP,KI6LCP,Unint
KG6VYP,KI6MXP,Unint
KG6VYP,KI6PUR,Unint
KG6VYP,KI6PUW,Unint
KG6VYP,KJ6AMM,Poor
KG6VYP,KK6EKN,Poor
KG6VYP,KK6LTH,Poor
KG6VYP,KK6LTX,Unint
KG6VYP,KK6TOZ,Unint
KG6VYP,KM6EEI,Unint
KG6VYP,KM6I,Poor
KG6VYP,KM6LTA,Poor
KG6VYP,KN6BAW,Good
KG6VYP,KN6EKC,Good
KG6VYP,KN6GHD,Poor
KG6VYP,KR6DD,Unint
KG6VYP,KZ6DM,Poor
KG6VYP,N6IDV,Unint
KG6VYP,N6IHT,Unint
KG6VYP,N9DK,Unint
KG6VYP,NE5NA,Unint
KG6VYP,WA1IAM,Unint
KG6VYP,WU6K,Unint
KI6HLH,AE6EO,Poor
KI6HLH,AI6JI,Good
KI6HLH,AJ6JN,Good
KI6HLH,AJ6ME,Good
KI6HLH,AJ6XZ,Good
KI6HLH,K6FSH,Poor
KI6HLH,KD6KDL,Good
KI6HLH,KE6BJQ,Good
KI6HLH,KE7JAC,Good
KI6HLH,KF6ZSQ,Good
KI6HLH,KG6VYI,Poor
KI6HLH,KI6PUR,Good
KI6HLH,KI6PUW,Poor
KI6HLH,KI6PVA,Poor
KI6HLH,KI6VYM,Good
KI6HLH,KJ6AMM,Good
KI6HLH,KJ6MIN,Good
KI6HLH,KK6DZK,Good
KI6HLH,KK6EAW,Unint
KI6HLH,KK6EKN,Good
KI6HLH,KK6LTH,Good
KI6HLH,KK6TOZ,Good
KI6HLH,KM6EEI,Unint
KI6HLH,KM6I,Good
KI6HLH,KM6LTA,Good
KI6HLH,KN6BAW,Poor
KI6HLH,KN6DSE,Unint
KI6HLH,KN6EKC,Good
KI6HLH,KN6EKW,Good
KI6HLH,KN6GHD,Good
KI6HLH,KR6DD,Unint
KI6HLH,KZ6DM,Good
KI6HLH,N6IDV,Good
KI6HLH,N6IHT,Good
KI6HLH,N9DK,Good
KI6HLH,NE5NA,Good
KI6HLH,WA1IAM,Good
KI6HLH,WU6K,Good
KI6LCP,AE6EO,Good
KI6LCP,AG6SR,Good
KI6LCP,AJ6JN,Poor
KI6LCP,AJ6ME,Good
KI6LCP,AJ6XZ,Good
KI6LCP,K6FSH,Poor
KI6LCP,KD6KDL,Unint
KI6LCP,KE6BJQ,Good
KI6LCP,KE7JAC,Unint
KI6LCP,KF6ZSQ,Poor
KI6LCP,KG6TNE,Good
KI6LCP,KG6VYI,Unint
KI6LCP,KI6HLH,Unint
KI6LCP,KI6LCP,Trans
KI6LCP,KI6MXP,Unint
KI6LCP,KI6PUR,Unint
KI6LCP,KI6PUW,Poor
KI6LCP,KI6PVA,Poor
KI6LCP,KJ6AMM,Poor
KI6LCP,KJ6MIN,Poor
KI6LCP,KK6EAW,Good
KI6LCP,KK6EKN,Good
KI6LCP,KK6LTH,Poor
KI6LCP,KK6LTX,Good
KI6LCP,KK6TOZ,Unint
KI6LCP,KM6EEI,Unint
KI6LCP,KM6I,Poor
KI6LCP,KM6LTA,Good
KI6LCP,KN6BAW,Good
KI6LCP,KN6DSE,Unint
KI6LCP,KN6EKC,Poor
KI6LCP,KN6EKW,Poor
KI6LCP,KN6GHD,Unint
KI6LCP,KR6DD,Unint
KI6LCP,KZ6DM,Good
KI6LCP,N6IDV,Good
KI6LCP,N6IHT,Poor
KI6LCP,N9DK,Poor
KI6LCP,NE5NA,Good
KI6LCP,WA1IAM,Poor
KI6LCP,WU6K,Poor
KI6MXP,AE6EO,Unint
KI6MXP,AI6JI,Good
KI6MXP,AJ6JN,Good
KI6MXP,AJ6ME,Poor
KI6MXP,AJ6XZ,Good
KI6MXP,K6FSH,Poor
KI6MXP,KD6KDL,Good
KI6MXP,KE6BJQ,Good
KI6MXP,KE7JAC,Good
KI6MXP,KF6ZSQ,Good
KI6MXP,KG6TNE,Poor
KI6MXP,KG6VYI,Unint
KI6MXP,KI6PUR,Good
KI6MXP,KI6PUW,Good
KI6MXP,KI6VYM,Good
KI6MXP,KJ6AMM,Good
KI6MXP,KJ6MIN,Good
KI6MXP,KK6DZK,Good
KI6MXP,KK6EAW,Good
KI6MXP,KK6EKN,Good
KI6MXP,KK6LTH,Good
KI6MXP,KK6LTX,Good
KI6MXP,KK6TOZ,Good
KI6MXP,KM6EEI,Unint
KI6MXP,KM6I,Good
KI6MXP,KM6LTA,Good
KI6MXP,KN6BAW,Poor
KI6MXP,KN6DSE,Unint
KI6MXP,KN6EKC,Good
KI6MXP,KN6EKW,Good
KI6MXP,KN6GHD,Good
KI6MXP,KR6DD,Good
KI6MXP,KZ6DM,Good
KI6MXP,N6IDV,Good
KI6MXP,N6IHT,Good
KI6MXP,N9DK,Good
KI6MXP,NE5NA,Good
KI6MXP,WA1IAM,Good
KI6MXP,WU6K,Good
KI6PUR,AE6EO,Good
KI6PUR,AG6SR,Poor
KI6PUR,AI6JI,Good
KI6PUR,AJ6JN,Good
KI6PUR,AJ6ME,Good
KI6PUR,AJ6XZ,Good
KI6PUR,K6FSH,Poor
KI6PUR,KD6KDL,Good
KI6PUR,KE6BJQ,Poor
KI6PUR,KE7JAC,Good
KI6PUR,KF6ZSQ,Good
KI6PUR,KG6TNE,Unint
KI6PUR,KG6VYI,Poor
KI6PUR,KI6HLH,Good
KI6PUR,KI6LCP,Poor
KI6PUR,KI6MXP,Good
KI6PUR,KI6PUR,Trans
KI6PUR,KI6PUW,Poor
KI6PUR,KI6PVA,Poor
KI6PUR,KI6VYM,Good
KI6PUR,KJ6AMM,Good
KI6PUR,KJ6MIN,Good
KI6PUR,KK6DZK,Good
KI6PUR,KK6EKN,Good
KI6PUR,KK6LTH,Good
KI6PUR,KK6LTX,Poor
KI6PUR,KK6TOZ,Good
KI6PUR,KM6EEI,Unint
KI6PUR,KM6I,Good
KI6PUR,KM6LTA,Poor
KI6PUR,KN6BAW,Unint
KI6PUR,KN6DSE,Good
KI6PUR,KN6EKC,Good
KI6PUR,KN6EKW,Good
KI6PUR,KN6GHD,Good
KI6PUR,KR6DD,Poor
KI6PUR,KZ6DM,Good
KI6PUR,N6IDV,Good
KI6PUR,N6IHT,Good
KI6PUR,N9DK,Good
KI6PUR,NE5NA,Good
KI6PUR,WA1IAM,Good
KI6PUR,WU6K,Good
KI6PUW,AE6EO,Unint
KI6PUW,AI6JI,Unint
KI6PUW,AJ6JN,Unint
KI6PUW,AJ6ME,Unint
KI6PUW,AJ6XZ,Unint
KI6PUW,K6FSH,Unint
KI6PUW,KD6KDL,Unint
KI6PUW,KE6BJQ,Unint
KI6PUW,KE7JAC,Unint
KI6PUW,KF6ZSQ,Unint
KI6PUW,KG6VYI,Unint
KI6PUW,KI6HLH,Unint
KI6PUW,KI6LCP,Unint
KI6PUW,KI6MXP,Unint
KI6PUW,KI6PUR,Unint
KI6PUW,KI6PVA,Good
KI6PUW,KJ6AMM,Poor
KI6PUW,KK6EAW,Poor
KI6PUW,KK6EKN,Unint
KI6PUW,KK6LTH,Poor
KI6PUW,KK6LTX,Unint
KI6PUW,KK6TOZ,Unint
KI6PUW,KM6EEI,Unint
KI6PUW,KM6I,Poor
KI6PUW,KM6LTA,Unint
KI6PUW,KN6BAW,Unint
KI6PUW,KN6DSE,Good
KI6PUW,KN6EKC,Unint
KI6PUW,KN6GHD,Unint
KI6PUW,KR6DD,Unint
KI6PUW,KZ6DM,Unint
KI6PUW,N6IDV,Unint
KI6PUW,N6IHT,Unint
KI6PUW,N9DK,Unint
KI6PUW,NE5NA,Unint
KI6PUW,WA1IAM,Unint
KI6PUW,WU6K,Unint
KI6PVA,AE6EO,Poor
KI6PVA,AI6JI,Unint
KI6PVA,AJ6JN,Poor
KI6PVA,AJ6ME,Unint
KI6PVA,AJ6XZ,Unint
KI6PVA,K6FSH,Unint
KI6PVA,KD6KDL,Unint
KI6PVA,KE6BJQ,Unint
KI6PVA,KE7JAC,Unint
KI6PVA,KF6ZSQ,Unint
KI6PVA,KG6TNE,Unint
KI6PVA,KG6VYI,Good
KI6PVA,KI6HLH,Unint
KI6PVA,KI6LCP,Unint
KI6PVA,KI6MXP,Unint
KI6PVA,KI6PUR,Unint
KI6PVA,KI6PUW,Good
KI6PVA,KJ6AMM,Poor
KI6PVA,KK6EAW,Unint
KI6PVA,KK6EKN,Unint
KI6PVA,KK6LTH,Good
KI6PVA,KK6LTX,Unint
KI6PVA,KK6TOZ,Unint
KI6PVA,KM6EEI,Unint
KI6PVA,KM6I,Unint
KI6PVA,KM6LTA,Unint
KI6PVA,KN6BAW,Unint
KI6PVA,KN6DSE,Good
KI6PVA,KN6EKC,Unint
KI6PVA,KN6GHD,Unint
KI6PVA,KR6DD,Unint
KI6PVA,KZ6DM,Unint
KI6PVA,N6IDV,Poor
KI6PVA,N6IHT,Unint
KI6PVA,N9DK,Unint
KI6PVA,NE5NA,Unint
KI6PVA,WA1IAM,Unint
KI6PVA,WU6K,Unint
KI6VYM,AE6EO,Unint
KI6VYM,AJ6JN,Good
KI6VYM,AJ6XZ,Unint
KI6VYM,K6FSH,Unint
KI6VYM,KD6KDL,Good
KI6VYM,KF6ZSQ,Good
KI6VYM,KG6VYI,Unint
KI6VYM,KI6HLH,Good
KI6VYM,KI6MXP,Good
KI6VYM,KI6PUR,Good
KI6VYM,KI6PUW,Poor
KI6VYM,KJ6AMM,Unint
KI6VYM,KK6EKN,Good
KI6VYM,KK6LTH,Unint
KI6VYM,KK6LTX,Unint
KI6VYM,KK6TOZ,Good
KI6VYM,KM6EEI,Unint
KI6VYM,KM6LTA,Unint
KI6VYM,KN6GHD,Unint
KI6VYM,KR6DD,Unint
KI6VYM,KZ6DM,Good
KI6VYM,N6IDV,Good
KI6VYM,N6IHT,Poor
KI6VYM,N9DK,Good
KI6VYM,NE5NA,Poor
KI6VYM,WA1IAM,Good
KI6VYM,WU6K,Good
KJ6AMM,AE6EO,Good
KJ6AMM,AI6JI,Good
KJ6AMM,AJ6JN,Good
KJ6AMM,AJ6ME,Good
KJ6AMM,AJ6XZ,Good
KJ6AMM,K6FSH,Good
KJ6AMM,KD6KDL,Good
KJ6AMM,KE6BJQ,Good
KJ6AMM,KE7JAC,Good
KJ6AMM,KF6ZSQ,Good
KJ6AMM,KG6TNE,Poor
KJ6AMM,KG6VYI,Good
KJ6AMM,KI6HLH,Good
KJ6AMM,KI6LCP,Good
KJ6AMM,KI6MXP,Good
KJ6AMM,KI6PUR,Good
KJ6AMM,KI6PUW,Good
KJ6AMM,KI6PVA,Good
KJ6AMM,KI6VYM,Good
KJ6AMM,KJ6MIN,Good
KJ6AMM,KK6DZK,Good
KJ6AMM,KK6EAW,Good
KJ6AMM,KK6EKN,Good
KJ6AMM,KK6LTH,Good
KJ6AMM,KK6LTX,Good
KJ6AMM,KK6TOZ,Good
KJ6AMM,KM6EEI,Good
KJ6AMM,KM6I,Good
KJ6AMM,KM6LTA,Good
KJ6AMM,KN6BAW,Good
KJ6AMM,KN6DSE,Good
KJ6AMM,KN6EKC,Good
KJ6AMM,KN6EKW,Good
KJ6AMM,KN6GHD,Good
KJ6AMM,KR6DD,Poor
KJ6AMM,KZ6DM,Good
KJ6AMM,N6IDV,Good
KJ6AMM,N6IHT,Good
KJ6AMM,N9DK,Good
KJ6AMM,NE5NA,Good
KJ6AMM,WA1IAM,Good
KJ6AMM,WU6K,Good
KJ6MIN,AI6JI,Good
KJ6MIN,AJ6JN,Unint
KJ6MIN,AJ6ME,Unint
KJ6MIN,AJ6XZ,Poor
KJ6MIN,K6FSH,Unint
KJ6MIN,KD6KDL,Good
KJ6MIN,KE6BJQ,Unint
KJ6MIN,KE7JAC,Unint
KJ6MIN,KF6ZSQ,Unint
KJ6MIN,KI6HLH,Good
KJ6MIN,KI6LCP,Poor
KJ6MIN,KI6MXP,Good
KJ6MIN,KI6PUR,Good
KJ6MIN,KI6VYM,Good
KJ6MIN,KJ6AMM,Good
KJ6MIN,KK6EKN,Good
KJ6MIN,KK6LTH,Poor
KJ6MIN,KK6LTX,Unint
KJ6MIN,KK6TOZ,Unint
KJ6MIN,KM6I,Good
KJ6MIN,KM6LTA,Unint
KJ6MIN,KN6BAW,Unint
KJ6MIN,KN6EKC,Unint
KJ6MIN,KN6GHD,Unint
KJ6MIN,KR6DD,Unint
KJ6MIN,KZ6DM,Unint
KJ6MIN,N9DK,Good
KJ6MIN,WU6K,Poor
KK6DZK,AE6EO,Poor
KK6DZK,AJ6JN,Good
KK6DZK,AJ6ME,Good
KK6DZK,AJ6XZ,Good
KK6DZK,K6FSH,Unint
KK6DZK,KD6KDL,Unint
KK6DZK,KE6BJQ,Unint
KK6DZK,KE7JAC,Unint
KK6DZK,KF6ZSQ,Poor
KK6DZK,KG6VYI,Unint
KK6DZK,KI6HLH,Unint
KK6DZK,KI6MXP,Unint
KK6DZK,KI6PUR,Poor
KK6DZK,KI6PUW,Unint
KK6DZK,KJ6AMM,Poor
KK6DZK,KJ6MIN,Unint
KK6DZK,KK6DZK,Trans
KK6DZK,KK6EAW,Poor
KK6DZK,KK6EKN,Unint
KK6DZK,KK6LTH,Poor
KK6DZK,KK6LTX,Poor
KK6DZK,KK6TOZ,Unint
KK6DZK,KM6EEI,Unint
KK6DZK,KM6I,Poor
KK6DZK,KM6LTA,Unint
KK6DZK,KN6BAW,Unint
KK6DZK,KN6DSE,Unint
KK6DZK,KN6EKC,Good
KK6DZK,KN6EKW,Poor
KK6DZK,KN6GHD,Unint
KK6DZK,KR6DD,Unint
KK6DZK,KZ6DM,Poor
KK6DZK,N6IDV,Unint
KK6DZK,N6IHT,Unint
KK6DZK,N9DK,Good
KK6DZK,NE5NA,Poor
KK6DZK,WA1IAM,Unint
KK6DZK,WU6K,Unint
KK6EAW,AE6EO,Good
KK6EAW,AJ6JN,Poor
KK6EAW,AJ6XZ,Good
KK6EAW,K6FSH,Unint
KK6EAW,KD6KDL,Unint
KK6EAW,KE7JAC,Unint
KK6EAW,KF6ZSQ,Unint
KK6EAW,KG6VYI,Unint
KK6EAW,KI6HLH,Unint
KK6EAW,KI6LCP,Good
KK6EAW,KI6MXP,Unint
KK6EAW,KI6PUR,Unint
KK6EAW,KI6PUW,Unint
KK6EAW,KJ6AMM,Good
KK6EAW,KK6EKN,Good
KK6EAW,KK6LTH,Good
KK6EAW,KK6LTX,Good
KK6EAW,KK6TOZ,Unint
KK6EAW,KM6EEI,Unint
KK6EAW,KM6LTA,Good
KK6EAW,KN6GHD,Unint
KK6EAW,KR6DD,Unint
KK6EAW,KZ6DM,Unint
KK6EAW,N6IDV,Unint
KK6EAW,N6IHT,Poor
KK6EAW,N9DK,Good
KK6EAW,NE5NA,Good
KK6EAW,WA1IAM,Unint
KK6EAW,WU6K,Unint
KK6EKN,AE6EO,Good
KK6EKN,AG6SR,Good
KK6EKN,AI6JI,Good
KK6EKN,AJ6JN,Good
KK6EKN,AJ6ME,Good
KK6EKN,AJ6XZ,Good
KK6EKN,K6FSH,Good
KK6EKN,KD6KDL,Good
KK6EKN,KE6BJQ,Good
KK6EKN,KE7JAC,Good
KK6EKN,KF6ZSQ,Good
KK6EKN,KG6TNE,Good
KK6EKN,KG6VYI,Good
KK6EKN,KI6HLH,Good
KK6EKN,KI6LCP,Good
KK6EKN,KI6MXP,Good
KK6EKN,KI6PUR,Good
KK6EKN,KI6PUW,Good
KK6EKN,KI6PVA,Good
KK6EKN,KJ6AMM,Good
KK6EKN,KK6DZK,Poor
KK6EKN,KK6EAW,Good
KK6EKN,KK6LTH,Good
KK6EKN,KK6LTX,Good
KK6EKN,KK6TOZ,Good
KK6EKN,KM6EEI,Poor
KK6EKN,KM6LTA,Good
KK6EKN,KN6BAW,Good
KK6EKN,KN6DSE,Good
KK6EKN,KN6EKC,Good
KK6EKN,KN6EKW,Good
KK6EKN,KN6GHD,Good
KK6EKN,KR6DD,Poor
KK6EKN,KZ6DM,Good
KK6EKN,N6IDV,Good
KK6EKN,N6IHT,Good
KK6EKN,N9DK,Good
KK6EKN,NE5NA,Good
KK6EKN,WA1IAM,Good
KK6EKN,WU6K,Good
KK6LTH,AE6EO,Good
KK6LTH,AG6SR,Good
KK6LTH,AI6JI,Good
KK6LTH,AJ6JN,Good
KK6LTH,AJ6ME,Good
KK6LTH,AJ6XZ,Good
KK6LTH,K6FSH,Good
KK6LTH,KD6KDL,Good
KK6LTH,KE6BJQ,Good
KK6LTH,KE7JAC,Good
KK6LTH,KF6ZSQ,Unint
KK6LTH,KG6TNE,Poor
KK6LTH,KG6VYI,Good
KK6LTH,KI6HLH,Good
KK6LTH,KI6LCP,Good
KK6LTH,KI6MXP,Good
KK6LTH,KI6PUR,Good
KK6LTH,KI6PUW,Good
KK6LTH,KI6VYM,Good
KK6LTH,KJ6AMM,Good
KK6LTH,KJ6MIN,Unint
KK6LTH,KK6DZK,Good
KK6LTH,KK6EAW,Good
KK6LTH,KK6EKN,Good
KK6LTH,KK6LTX,Good
KK6LTH,KK6TOZ,Good
KK6LTH,KM6EEI,Good
KK6LTH,KM6I,Good
KK6LTH,KM6LTA,Good
KK6LTH,KN6BAW,Good
KK6LTH,KN6DSE,Good
KK6LTH,KN6EKC,Good
KK6LTH,KN6EKW,Good
KK6LTH,KN6GHD,Good
KK6LTH,KR6DD,Good
KK6LTH,KZ6DM,Unint
KK6LTH,N6IDV,Good
KK6LTH,N6IHT,Good
KK6LTH,N9DK,Good
KK6LTH,NE5NA,Good
KK6LTH,WA1IAM,Good
KK6LTH,WU6K,Good
KK6LTX,AE6EO,Good
KK6LTX,AG6SR,Good
KK6LTX,AI6JI,Poor
KK6LTX,AJ6JN,Good
KK6LTX,AJ6ME,Good
KK6LTX,AJ6XZ,Good
KK6LTX,K6FSH,Poor
KK6LTX,KD6KDL,Poor
KK6LTX,KE6BJQ,Good
KK6LTX,KE7JAC,Unint
KK6LTX,KF6ZSQ,Poor
KK6LTX,KG6TNE,Poor
KK6LTX,KG6VYI,Unint
KK6LTX,KI6HLH,Poor
KK6LTX,KI6LCP,Good
KK6LTX,KI6MXP,Poor
KK6LTX,KI6PUR,Poor
KK6LTX,KI6PUW,Poor
KK6LTX,KJ6AMM,Poor
KK6LTX,KJ6MIN,Poor
KK6LTX,KK6DZK,Good
KK6LTX,KK6EAW,Good
KK6LTX,KK6EKN,Good
KK6LTX,KK6LTH,Poor
KK6LTX,KK6TOZ,Poor
KK6LTX,KM6EEI,Unint
KK6LTX,KM6I,Good
KK6LTX,KM6LTA,Poor
KK6LTX,KN6BAW,Poor
KK6LTX,KN6DSE,Unint
KK6LTX,KN6EKC,Good
KK6LTX,KN6EKW,Poor
KK6LTX,KN6GHD,Poor
KK6LTX,KR6DD,Unint
KK6LTX,KZ6DM,Poor
KK6LTX,N6IDV,Unint
KK6LTX,N6IHT,Unint
KK6LTX,N9DK,Good
KK6LTX,NE5NA,Unint
KK6LTX,WA1IAM,Unint
KK6LTX,WU6K,Poor
KK6TOZ,AE6EO,Unint
KK6TOZ,AI6JI,Unint
KK6TOZ,AJ6JN,Good
KK6TOZ,AJ6ME,Good
KK6TOZ,AJ6XZ,Unint
KK6TOZ,K6FSH,Unint
KK6TOZ,KD6KDL,Good
KK6TOZ,KE6BJQ,Unint
KK6TOZ,KE7JAC,Poor
KK6TOZ,KF6ZSQ,Poor
KK6TOZ,KG6VYI,Unint
KK6TOZ,KI6HLH,Good
KK6TOZ,KI6LCP,Unint
KK6TOZ,KI6MXP,Good
KK6TOZ,KI6PUR,Good
KK6TOZ,KI6PUW,Unint
KK6TOZ,KJ6AMM,Good
KK6TOZ,KJ6MIN,Poor
KK6TOZ,KK6EAW,Unint
KK6TOZ,KK6EKN,Unint
KK6TOZ,KK6LTH,Poor
KK6TOZ,KK6LTX,Unint
KK6TOZ,KM6EEI,Unint
KK6TOZ,KM6I,Good
KK6TOZ,KM6LTA,Unint
KK6TOZ,KN6DSE,Unint
KK6TOZ,KN6EKC,Unint
KK6TOZ,KN6GHD,Poor
KK6TOZ,KR6DD,Unint
KK6TOZ,KZ6DM,Poor
KK6TOZ,N6IDV,Good
KK6TOZ,N6IHT,Poor
KK6TOZ,N9DK,Poor
KK6TOZ,NE5NA,Unint
KK6TOZ,WA1IAM,Good
KK6TOZ,WU6K,Poor
KM6EEI-12,AE6EO,Poor
KM6EEI-12,AI6JI,Poor
KM6EEI-12,AJ6JN,Unint
KM6EEI-12,AJ6ME,Poor
KM6EEI-12,AJ6XZ,Poor
KM6EEI-12,K6FSH,Unint
KM6EEI-12,KD6KDL,Unint
KM6EEI-12,KE6BJQ,Unint
KM6EEI-12,KE7JAC,Unint
KM6EEI-12,KF6ZSQ,Unint
KM6EEI-12,KG6TNE,Unint
KM6EEI-12,KI6HLH,Unint
KM6EEI-12,KI6LCP,Unint
KM6EEI-12,KI6MXP,Unint
KM6EEI-12,KI6PUR,Unint
KM6EEI-12,KI6PUW,Good
KM6EEI-12,KJ6AMM,Good
KM6EEI-12,KJ6MIN,Unint
KM6EEI-12,KK6EKN,Poor
KM6EEI-12,KK6LTH,Good
KM6EEI-12,KK6TOZ,Unint
KM6EEI-12,KM6I,Poor
KM6EEI-12,KM6LTA,Good
KM6EEI-12,KN6BAW,Poor
KM6EEI-12,KN6DSE,Good
KM6EEI-12,KN6EKC,Unint
KM6EEI-12,KN6EKW,Unint
KM6EEI-12,KN6GHD,Unint
KM6EEI-12,KR6DD,Unint
KM6EEI-12,N6IHT,Good
KM6EEI-12,N9DK,Poor
KM6EEI-12,WA1IAM,Unint
KM6EEI-12,WU6K,Unint
KM6EEI-3,AE6EO,Poor
KM6EEI-3,AJ6JN,Good
KM6EEI-3,AJ6XZ,Good
KM6EEI-3,K6FSH,Poor
KM6EEI-3,KD6KDL,Good
KM6EEI-3,KE7JAC,Unint
KM6EEI-3,KF6ZSQ,Good
KM6EEI-3,KG6VYI,Unint
KM6EEI-3,KI6HLH,Good
KM6EEI-3,KI6LCP,Good
KM6EEI-3,KI6MXP,Good
KM6EEI-3,KI6PUR,Good
KM6EEI-3,KI6PUW,Good
KM6EEI-3,KI6VYM,Poor
KM6EEI-3,KJ6AMM,Good
KM6EEI-3,KK6EAW,Unint
KM6EEI-3,KK6EKN,Good
KM6EEI-3,KK6LTH,Good
KM6EEI-3,KK6LTX,Good
KM6EEI-3,KK6TOZ,Unint
KM6EEI-3,KM6LTA,Good
KM6EEI-3,KN6GHD,Poor
KM6EEI-3,KR6DD,Unint
KM6EEI-3,KZ6DM,Good
KM6EEI-3,N6IDV,Good
KM6EEI-3,N6IHT,Good
KM6EEI-3,N9DK,Good
KM6EEI-3,NE5NA,Good
KM6EEI-3,WA1IAM,Good
KM6EEI-3,WU6K,Good
KM6I,AG6SR,Good
KM6I,AI6JI,Unint
KM6I,AJ6JN,Good
KM6I,AJ6ME,Unint
KM6I,AJ6XZ,Good
KM6I,K6FSH,Unint
KM6I,KD6KDL,Unint
KM6I,KE6BJQ,Good
KM6I,KE7JAC,Unint
KM6I,KF6ZSQ,Unint
KM6I,KI6HLH,Good
KM6I,KI6MXP,Good
KM6I,KI6PUR,Good
KM6I,KI6PUW,Good
KM6I,KJ6AMM,Unint
KM6I,KJ6MIN,Unint
KM6I,KK6DZK,Good
KM6I,KK6EKN,Good
KM6I,KK6LTH,Unint
KM6I,KK6TOZ,Good
KM6I,KM6EEI,Poor
KM6I,KM6LTA,Unint
KM6I,KN6DSE,Good
KM6I,KN6EKC,Unint
KM6I,KN6GHD,Poor
KM6I,KR6DD,Good
KM6I,KZ6DM,Unint
KM6I,N9DK,Good
KM6I,WU6K,Good
KM6LTA,AE6EO,Good
KM6LTA,AG6SR,Good
KM6LTA,AI6JI,Unint
KM6LTA,AJ6JN,Good
KM6LTA,AJ6ME,Good
KM6LTA,AJ6XZ,Good
KM6LTA,K6FSH,Unint
KM6LTA,KD6KDL,Poor
KM6LTA,KE6BJQ,Good
KM6LTA,KE7JAC,Unint
KM6LTA,KF6ZSQ,Good
KM6LTA,KG6TNE,Poor
KM6LTA,KG6VYI,Unint
KM6LTA,KI6HLH,Good
KM6LTA,KI6LCP,Poor
KM6LTA,KI6MXP,Good
KM6LTA,KI6PUR,Poor
KM6LTA,KI6PUW,Good
KM6LTA,KI6PVA,Good
KM6LTA,KJ6AMM,Poor
KM6LTA,KJ6MIN,Unint
KM6LTA,KK6DZK,Poor
KM6LTA,KK6EAW,Good
KM6LTA,KK6EKN,Good
KM6LTA,KK6LTH,Poor
KM6LTA,KK6LTX,Poor
KM6LTA,KK6TOZ,Unint
KM6LTA,KM6EEI,Poor
KM6LTA,KN6BAW,Good
KM6LTA,KN6DSE,Good
KM6LTA,KN6EKC,Good
KM6LTA,KN6EKW,Good
KM6LTA,KN6GHD,Good
KM6LTA,KR6DD,Unint
KM6LTA,KZ6DM,Poor
KM6LTA,N6IDV,Good
KM6LTA,N6IHT,Good
KM6LTA,N9DK,Poor
KM6LTA,NE5NA,Good
KM6LTA,WA1IAM,Good
KM6LTA,WU6K,Unint
KN6BAW,AG6SR,Poor
KN6BAW,AI6JI,Poor
KN6BAW,AJ6JN,Good
KN6BAW,AJ6ME,Poor
KN6BAW,AJ6XZ,Good
KN6BAW,K6FSH,Poor
KN6BAW,KD6KDL,Good
KN6BAW,KE6BJQ,Good
KN6BAW,KE7JAC,Unint
KN6BAW,KF6ZSQ,Poor
KN6BAW,KI6HLH,Good
KN6BAW,KI6LCP,Poor
KN6BAW,KI6MXP,Good
KN6BAW,KI6PUR,Poor
KN6BAW,KI6PUW,Good
KN6BAW,KJ6AMM,Good
KN6BAW,KJ6MIN,Poor
KN6BAW,KK6EKN,Good
KN6BAW,KK6LTH,Good
KN6BAW,KK6TOZ,Poor
KN6BAW,KM6I,Good
KN6BAW,KM6LTA,Good
KN6BAW,KN6DSE,Good
KN6BAW,KN6EKC,Good
KN6BAW,KN6GHD,Poor
KN6BAW,KR6DD,Poor
KN6BAW,KZ6DM,Good
KN6DSE,AE6EO,Poor
KN6DSE,AG6SR,Poor
KN6DSE,AI6JI,Unint
KN6DSE,AJ6JN,Poor
KN6DSE,AJ6ME,Unint
KN6DSE,AJ6XZ,Unint
KN6DSE,K6FSH,Unint
KN6DSE,KD6KDL,Unint
KN6DSE,KE6BJQ,Poor
KN6DSE,KE7JAC,Unint
KN6DSE,KF6ZSQ,Poor
KN6DSE,KI6HLH,Poor
KN6DSE,KI6LCP,Unint
KN6DSE,KI6MXP,Poor
KN6DSE,KI6PUR,Poor
KN6DSE,KI6PUW,Poor
KN6DSE,KI6PVA,Good
KN6DSE,KJ6AMM,Poor
KN6DSE,KJ6MIN,Unint
KN6DSE,KK6EAW,Poor
KN6DSE,KK6EKN,Poor
KN6DSE,KK6LTH,Poor
KN6DSE,KK6LTX,Unint
KN6DSE,KK6TOZ,Unint
KN6DSE,KM6EEI,Unint
KN6DSE,KM6I,Poor
KN6DSE,KM6LTA,Unint
KN6DSE,KN6BAW,Unint
KN6DSE,KN6EKC,Unint
KN6DSE,KN6GHD,Unint
KN6DSE,KR6DD,Unint
KN6DSE,N6IDV,Poor
KN6DSE,N6IHT,Poor
KN6DSE,N9DK,Unint
KN6DSE,WA1IAM,Poor
KN6DSE,WU6K,Unint
KN6EKC,AI6JI,Unint
KN6EKC,AJ6JN,Good
KN6EKC,AJ6ME,Poor
KN6EKC,AJ6XZ,Unint
KN6EKC,K6FSH,Unint
KN6EKC,KD6KDL,Unint
KN6EKC,KE6BJQ,Unint
KN6EKC,KE7JAC,Unint
KN6EKC,KF6ZSQ,Unint
KN6EKC,KI6HLH,Unint
KN6EKC,KI6MXP,Unint
KN6EKC,KI6PUR,Unint
KN6EKC,KI6PUW,Unint
KN6EKC,KJ6AMM,Poor
KN6EKC,KK6DZK,Poor
KN6EKC,KK6EKN,Unint
KN6EKC,KK6LTH,Unint
KN6EKC,KK6LTX,Poor
KN6EKC,KK6TOZ,Unint
KN6EKC,KM6I,Poor
KN6EKC,KM6LTA,Good
KN6EKC,KN6BAW,Unint
KN6EKC,KN6DSE,Unint
KN6EKC,KN6GHD,Unint
KN6EKC,KR6DD,Unint
KN6EKC,N9DK,Poor
KN6EKC,WU6K,Unint
KN6EKW,AE6EO,Good
KN6EKW,AI6JI,Unint
KN6EKW,AJ6JN,Good
KN6EKW,AJ6ME,Good
KN6EKW,AJ6XZ,Good
KN6EKW,K6FSH,Unint
KN6EKW,KD6KDL,Good
KN6EKW,KE6BJQ,Poor
KN6EKW,KE7JAC,Unint
KN6EKW,KF6ZSQ,Poor
KN6EKW,KG6TNE,Unint
KN6EKW,KI6HLH,Unint
KN6EKW,KI6LCP,Unint
KN6EKW,KI6MXP,Unint
KN6EKW,KI6PUR,Good
KN6EKW,KI6PUW,Unint
KN6EKW,KJ6AMM,Good
KN6EKW,KK6DZK,Poor
KN6EKW,KK6EKN,Good
KN6EKW,KK6LTH,Good
KN6EKW,KK6TOZ,Unint
KN6EKW,KM6EEI,Unint
KN6EKW,KM6I,Poor
KN6EKW,KM6LTA,Unint
KN6EKW,KN6BAW,Unint
KN6EKW,KN6DSE,Poor
KN6EKW,KN6EKC,Good
KN6EKW,KN6GHD,Good
KN6EKW,KR6DD,Unint
KN6EKW,KZ6DM,Good
KN6EKW,N6IHT,Good
KN6EKW,N9DK,Good
KN6EKW,WA1IAM,Good
KN6EKW,WU6K,Unint
KN6GHD,AJ6JN,Good
KN6GHD,AJ6XZ,Good
KN6GHD,K6FSH,Poor
KN6GHD,KD6KDL,Good
KN6GHD,KE7JAC,Poor
KN6GHD,KF6ZSQ,Good
KN6GHD,KG6VYI,Unint
KN6GHD,KI6HLH,Good
KN6GHD,KI6LCP,Good
KN6GHD,KI6MXP,Good
KN6GHD,KI6PUR,Good
KN6GHD,KI6PUW,Poor
KN6GHD,KI6PVA,Good
KN6GHD,KI6VYM,Unint
KN6GHD,KJ6AMM,Good
KN6GHD,KK6DZK,Good
KN6GHD,KK6EAW,Unint
KN6GHD,KK6EKN,Good
KN6GHD,KK6LTH,Good
KN6GHD,KK6LTX,Poor
KN6GHD,KK6TOZ,Poor
KN6GHD,KM6EEI,Poor
KN6GHD,KM6LTA,Good
KN6GHD,KR6DD,Poor
KN6GHD,KZ6DM,Poor
KN6GHD,N6IDV,Good
KN6GHD,N6IHT,Good
KN6GHD,N9DK,Good
KN6GHD,NE5NA,Unint
KN6GHD,WA1IAM,Poor
KN6GHD,WU6K,Good
KN6GHE,AI6JI,Unint
KN6GHE,AJ6JN,Good
KN6GHE,AJ6ME,Unint
KN6GHE,AJ6XZ,Unint
KN6GHE,K6FSH,Unint
KN6GHE,KD6KDL,Good
KN6GHE,KE7JAC,Unint
KN6GHE,KF6ZSQ,Unint
KN6GHE,KI6HLH,Unint
KN6GHE,KI6LCP,Unint
KN6GHE,KI6MXP,Unint
KN6GHE,KI6PUR,Unint
KN6GHE,KI6PUW,Unint
KN6GHE,KJ6AMM,Good
KN6GHE,KJ6MIN,Unint
KN6GHE,KK6EKN,Unint
KN6GHE,KK6LTH,Good
KN6GHE,KK6TOZ,Poor
KN6GHE,KM6EEI,Unint
KN6GHE,KM6LTA,Unint
KN6GHE,KN6BAW,Unint
KN6GHE,KN6DSE,Unint
KN6GHE,KN6EKC,Unint
KN6GHE,KN6GHE,Trans
KN6GHE,KR6DD,Unint
KN6GHE,KZ6DM,Unint
KN6GHE,N9DK,Unint
KN6GHE,WU6K,Unint
KR6DD,AE6EO,Poor
KR6DD,AI6JI,Unint
KR6DD,AJ6JN,Good
KR6DD,AJ6ME,Unint
KR6DD,AJ6XZ,Unint
KR6DD,K6FSH,Unint
KR6DD,KD6KDL,Unint
KR6DD,KE6BJQ,Poor
KR6DD,KE7JAC,Unint
KR6DD,KF6ZSQ,Unint
KR6DD,KG6VYI,Unint
KR6DD,KI6HLH,Poor
KR6DD,KI6LCP,Good
KR6DD,KI6MXP,Poor
KR6DD,KI6PUR,Unint
KR6DD,KI6PUW,Unint
KR6DD,KJ6AMM,Poor
KR6DD,KJ6MIN,Unint
KR6DD,KK6EKN,Poor
KR6DD,KK6LTH,Poor
KR6DD,KK6LTX,Unint
KR6DD,KK6TOZ,Unint
KR6DD,KM6EEI,Unint
KR6DD,KM6I,Poor
KR6DD,KM6LTA,Unint
KR6DD,KN6BAW,Unint
KR6DD,KN6DSE,Unint
KR6DD,KN6EKC,Poor
KR6DD,KN6EKW,Good
KR6DD,KN6GHD,Unint
KR6DD,KR6DD,Trans
KR6DD,KZ6DM,Unint
KR6DD,N6IDV,Poor
KR6DD,N6IHT,Poor
KR6DD,N9DK,Poor
KR6DD,NE5NA,Poor
KR6DD,WA1IAM,Poor
KR6DD,WU6K,Unint
KZ6DM,AE6EO,Good
KZ6DM,AI6JI,Good
KZ6DM,AJ6JN,Poor
KZ6DM,AJ6ME,Good
KZ6DM,AJ6XZ,Good
KZ6DM,K6FSH,Good
KZ6DM,KD6KDL,Good
KZ6DM,KE6BJQ,Good
KZ6DM,KE7JAC,Good
KZ6DM,KF6ZSQ,Good
KZ6DM,KG6VYI,Good
KZ6DM,KI6HLH,Good
KZ6DM,KI6LCP,Good
KZ6DM,KI6MXP,Good
KZ6DM,KI6PUR,Good
KZ6DM,KI6PUW,Good
KZ6DM,KJ6AMM,Good
KZ6DM,KK6DZK,Good
KZ6DM,KK6EAW,Good
KZ6DM,KK6EKN,Good
KZ6DM,KK6LTH,Good
KZ6DM,KK6LTX,Good
KZ6DM,KK6TOZ,Good
KZ6DM,KM6EEI,Poor
KZ6DM,KM6LTA,Good
KZ6DM,KN6BAW,Good
KZ6DM,KN6DSE,Good
KZ6DM,KN6EKC,Good
KZ6DM,KN6GHD,Poor
KZ6DM,KR6DD,Unint
KZ6DM,N6IDV,Good
KZ6DM,N6IHT,Good
KZ6DM,N9DK,Good
KZ6DM,NE5NA,Good
KZ6DM,WA1IAM,Good
KZ6DM,WU6K,Good
N6IDV,AE6EO,Good
N6IDV,AG6SR,Poor
N6IDV,AJ6JN,Good
N6IDV,AJ6XZ,Good
N6IDV,K6FSH,Good
N6IDV,KD6KDL,Good
N6IDV,KE6BJQ,Unint
N6IDV,KE7JAC,Good
N6IDV,KF6ZSQ,Unint
N6IDV,KG6TNE,Unint
N6IDV,KG6VYI,Good
N6IDV,KI6HLH,Good
N6IDV,KI6LCP,Unint
N6IDV,KI6MXP,Good
N6IDV,KI6PUR,Good
N6IDV,KI6PUW,Good
N6IDV,KI6PVA,Good
N6IDV,KI6VYM,Poor
N6IDV,KJ6AMM,Good
N6IDV,KK6DZK,Poor
N6IDV,KK6EAW,Unint
N6IDV,KK6EKN,Good
N6IDV,KK6LTH,Good
N6IDV,KK6TOZ,Good
N6IDV,KM6EEI,Poor
N6IDV,KM6LTA,Good
N6IDV,KN6EKC,Good
N6IDV,KN6EKW,Good
N6IDV,KN6GHD,Good
N6IDV,KR6DD,Unint
N6IDV,KZ6DM,Good
N6IDV,N6IDV,Trans
N6IDV,N6IHT,Good
N6IDV,N9DK,Good
N6IDV,NE5NA,Good
N6IDV,WA1IAM,Good
N6IDV,WU6K,Good
N6IHT,AE6EO,Good
N6IHT,AJ6JN,Good
N6IHT,AJ6ME,Good
N6IHT,AJ6XZ,Good
N6IHT,K6FSH,Good
N6IHT,KD6KDL,Good
N6IHT,KE6BJQ,Good
N6IHT,KE7JAC,Good
N6IHT,KF6ZSQ,Good
N6IHT,KG6TNE,Poor
N6IHT,KG6VYI,Good
N6IHT,KI6HLH,Good
N6IHT,KI6LCP,Unint
N6IHT,KI6MXP,Good
N6IHT,KI6PUR,Good
N6IHT,KI6PUW,Good
N6IHT,KI6VYM,Good
N6IHT,KJ6AMM,Good
N6IHT,KJ6MIN,Good
N6IHT,KK6DZK,Good
N6IHT,KK6EAW,Good
N6IHT,KK6EKN,Good
N6IHT,KK6LTH,Good
N6IHT,KK6LTX,Good
N6IHT,KK6TOZ,Good
N6IHT,KM6EEI,Poor
N6IHT,KM6I,Good
N6IHT,KM6LTA,Good
N6IHT,KN6BAW,Good
N6IHT,KN6DSE,Good
N6IHT,KN6EKC,Poor
N6IHT,KN6EKW,Poor
N6IHT,KN6GHD,Good
N6IHT,KR6DD,Poor
N6IHT,KZ6DM,Good
N6IHT,N6IDV,Good
N6IHT,N9DK,Good
N6IHT,NE5NA,Good
N6IHT,WA1IAM,Good
N6IHT,WU6K,Poor
N6YXJ,AE6EO,Poor
N6YXJ,AI6JI,Poor
N6YXJ,AJ6JN,Poor
N6YXJ,AJ6ME,Unint
N6YXJ,AJ6XZ,Poor
N6YXJ,K6FSH,Unint
N6YXJ,KD6KDL,Good
N6YXJ,KE6BJQ,Poor
N6YXJ,KE7JAC,Unint
N6YXJ,KF6ZSQ,Good
N6YXJ,KG6TNE,Unint
N6YXJ,KG6VYI,Poor
N6YXJ,KI6HLH,Unint
N6YXJ,KI6LCP,Unint
N6YXJ,KI6MXP,Unint
N6YXJ,KI6PUR,Poor
N6YXJ,KI6PUW,Good
N6YXJ,KI6PVA,Good
N6YXJ,KJ6AMM,Good
N6YXJ,KK6EAW,Unint
N6YXJ,KK6EKN,Good
N6YXJ,KK6LTH,Good
N6YXJ,KK6LTX,Poor
N6YXJ,KK6TOZ,Unint
N6YXJ,KM6EEI,Good
N6YXJ,KM6I,Good
N6YXJ,KM6LTA,Good
N6YXJ,KN6BAW,Unint
N6YXJ,KN6DSE,Good
N6YXJ,KN6EKC,Unint
N6YXJ,KN6GHD,Unint
N6YXJ,KR6DD,Unint
N6YXJ,KZ6DM,Poor
N6YXJ,N6IDV,Poor
N6YXJ,N6IHT,Good
N6YXJ,N6YXJ,Trans
N6YXJ,N9DK,Unint
N6YXJ,NE5NA,Unint
N6YXJ,WA1IAM,Unint
N6YXJ,WU6K,Poor
N9DK-1,AE6EO,Unint
N9DK-1,AJ6JN,Good
N9DK-1,KD6KDL,Good
N9DK-1,KE6BJQ,Unint
N9DK-1,KE7JAC,Good
N9DK-1,KF6ZSQ,Good
N9DK-1,KI6HLH,Good
N9DK-1,KI6LCP,Good
N9DK-1,KI6MXP,Good
N9DK-1,KI6PUR,Good
N9DK-1,KJ6AMM,Good
N9DK-1,KK6EKN,Unint
N9DK-1,KM6EEI,Unint
N9DK-1,KZ6DM,Good
N9DK-1,N6IHT,Good
N9DK-1,WA1IAM,Poor
N9DK-1,WU6K,Good
N9DK-23,AE6EO,Good
N9DK-23,AG6SR,Poor
N9DK-23,AI6JI,Good
N9DK-23,AJ6JN,Good
N9DK-23,AJ6ME,Good
N9DK-23,AJ6XZ,Good
N9DK-23,K6FSH,Good
N9DK-23,KD6KDL,Good
N9DK-23,KE6BJQ,Unint
N9DK-23,KE7JAC,Good
N9DK-23,KF6ZSQ,Good
N9DK-23,KG6TNE,Unint
N9DK-23,KG6VYI,Good
N9DK-23,KI6HLH,Good
N9DK-23,KI6LCP,Good
N9DK-23,KI6MXP,Good
N9DK-23,KI6PUR,Good
N9DK-23,KI6PUW,Poor
N9DK-23,KI6VYM,Good
N9DK-23,KJ6AMM,Good
N9DK-23,KJ6MIN,Good
N9DK-23,KK6DZK,Good
N9DK-23,KK6EAW,Good
N9DK-23,KK6EKN,Good
N9DK-23,KK6LTH,Good
N9DK-23,KK6LTX,Good
N9DK-23,KK6TOZ,Good
N9DK-23,KM6EEI,Good
N9DK-23,KM6I,Good
N9DK-23,KM6LTA,Good
N9DK-23,KN6BAW,Good
N9DK-23,KN6DSE,Good
N9DK-23,KN6EKC,Good
N9DK-23,KN6GHD,Good
N9DK-23,KR6DD,Good
N9DK-23,KZ6DM,Good
N9DK-23,N6IDV,Good
N9DK-23,N6IHT,Good
N9DK-23,NE5NA,Good
N9DK-23,WA1IAM,Good
N9DK-23,WU6K,Good
NE5NA,AE6EO,Good
NE5NA,AG6SR,Good
NE5NA,AI6JI,Unint
NE5NA,AJ6JN,Good
NE5NA,AJ6ME,Good
NE5NA,AJ6XZ,Good
NE5NA,K6FSH,Good
NE5NA,KD6KDL,Good
NE5NA,KE6BJQ,Good
NE5NA,KE7JAC,Poor
NE5NA,KF6ZSQ,Good
NE5NA,KG6TNE,Good
NE5NA,KG6VYI,Good
NE5NA,KI6HLH,Good
NE5NA,KI6LCP,Good
NE5NA,KI6MXP,Good
NE5NA,KI6PUR,Good
NE5NA,KI6PUW,Good
NE5NA,KI6VYM,Good
NE5NA,KJ6AMM,Poor
NE5NA,KJ6MIN,Good
NE5NA,KK6DZK,Poor
NE5NA,KK6EAW,Good
NE5NA,KK6EKN,Good
NE5NA,KK6LTH,Good
NE5NA,KK6LTX,Good
NE5NA,KK6TOZ,Poor
NE5NA,KM6EEI,Poor
NE5NA,KM6I,Good
NE5NA,KM6LTA,Good
NE5NA,KN6BAW,Good
NE5NA,KN6DSE,Good
NE5NA,KN6EKC,Good
NE5NA,KN6EKW,Poor
NE5NA,KN6GHD,Good
NE5NA,KR6DD,Good
NE5NA,KZ6DM,Good
NE5NA,N6IDV,Good
NE5NA,N6IHT,Good
NE5NA,N9DK,Good
NE5NA,WA1IAM,Good
NE5NA,WU6K,Good
W6OWI,AE6EO,Poor
W6OWI,AJ6JN,Good
W6OWI,AJ6ME,Good
W6OWI,AJ6XZ,Poor
W6OWI,K6FSH,Unint
W6OWI,KD6KDL,Good
W6OWI,KE6BJQ,Unint
W6OWI,KE7JAC,Poor
W6OWI,KF6ZSQ,Good
W6OWI,KG6VYI,Unint
W6OWI,KI6HLH,Poor
W6OWI,KI6LCP,Unint
W6OWI,KI6MXP,Poor
W6OWI,KI6PUR,Good
W6OWI,KI6PUW,Unint
W6OWI,KI6VYM,Good
W6OWI,KJ6AMM,Poor
W6OWI,KK6EKN,Poor
W6OWI,KK6LTH,Good
W6OWI,KK6TOZ,Unint
W6OWI,KM6EEI,Unint
W6OWI,KM6LTA,Poor
W6OWI,KN6BAW,Unint
W6OWI,KN6EKC,Unint
W6OWI,KN6GHD,Poor
W6OWI,KR6DD,Unint
W6OWI,KZ6DM,Good
W6OWI,N6IDV,Poor
W6OWI,N6IHT,Poor
W6OWI,N9DK,Poor
W6OWI,NE5NA,Good
W6OWI,W6OWI,Trans
W6OWI,WA1IAM,Poor
W6OWI,WU6K,Poor
WA1IAM,AE6EO,Good
WA1IAM,AG6SR,Good
WA1IAM,AJ6JN,Good
WA1IAM,AJ6XZ,Good
WA1IAM,K6FSH,Good
WA1IAM,KD6KDL,Good
WA1IAM,KE6BJQ,Good
WA1IAM,KE7JAC,Good
WA1IAM,KF6ZSQ,Good
WA1IAM,KG6VYI,Good
WA1IAM,KI6HLH,Good
WA1IAM,KI6MXP,Good
WA1IAM,KI6PUR,Good
WA1IAM,KI6PUW,Good
WA1IAM,KI6PVA,Good
WA1IAM,KI6VYM,Poor
WA1IAM,KJ6AMM,Good
WA1IAM,KK6DZK,Good
WA1IAM,KK6EAW,Unint
WA1IAM,KK6EKN,Good
WA1IAM,KK6LTH,Good
WA1IAM,KK6TOZ,Good
WA1IAM,KM6EEI,Unint
WA1IAM,KM6LTA,Good
WA1IAM,KN6EKC,Good
WA1IAM,KN6GHD,Good
WA1IAM,KR6DD,Unint
WA1IAM,KZ6DM,Good
WA1IAM,N6IDV,Good
WA1IAM,N6IHT,Good
WA1IAM,N9DK,Good
WA1IAM,NE5NA,Good
WA1IAM,WA1IAM,Trans
WA1IAM,WU6K,Good
WU6K,AE6EO,Good
WU6K,AI6JI,Good
WU6K,AJ6JN,Good
WU6K,AJ6ME,Poor
WU6K,AJ6XZ,Good
WU6K,K6FSH,Unint
WU6K,KD6KDL,Good
WU6K,KE6BJQ,Good
WU6K,KE7JAC,Good
WU6K,KF6ZSQ,Good
WU6K,KG6VYI,Poor
WU6K,KI6HLH,Good
WU6K,KI6LCP,Good
WU6K,KI6MXP,Good
WU6K,KI6PUR,Good
WU6K,KI6PUW,Poor
WU6K,KI6PVA,Poor
WU6K,KI6VYM,Good
WU6K,KJ6AMM,Good
WU6K,KK6DZK,Good
WU6K,KK6EKN,Good
WU6K,KK6LTH,Good
WU6K,KK6TOZ,Good
WU6K,KM6EEI,Unint
WU6K,KM6I,Good
WU6K,KM6LTA,Poor
WU6K,KN6DSE,Good
WU6K,KN6EKC,Poor
WU6K,KN6EKW,Good
WU6K,KN6GHD,Good
WU6K,KR6DD,Unint
WU6K,KZ6DM,Good
WU6K,N6IDV,Good
WU6K,N6IHT,Poor
WU6K,N9DK,Good
WU6K,NE5NA,Good
WU6K,WA1IAM,Good