AE6EO,AE6EO,0
AE6EO,AG6SR,1
AE6EO,AI6KG,1
AE6EO,AI6SZ,2
AE6EO,AJ6JN,1
AE6EO,AJ6ME,4
AE6EO,AJ6XZ,4
AE6EO,AJ6XZ,3
AE6EO,K6FSH,1
AE6EO,K6PAO,4
AE6EO,K6ZJI,4
AE6EO,KA6MZE,4
AE6EO,KD6KDL,2
AE6EO,KE6BJQ,4
AE6EO,KE7JAC,2
AE6EO,KF6ZSQ,1
AE6EO,KG6TNE,1
AE6EO,KG6VYI,2
AE6EO,KG6VYP,3
AE6EO,KI6HLH,2
AE6EO,KI6LCP,1
AE6EO,KI6MXP,2
AE6EO,KI6PUR,1
AE6EO,KI6PUW,4
AE6EO,KI6PVA,4
AE6EO,KI6VYM,3
AE6EO,KJ6AMM,1
AE6EO,KJ6MIN,4
AE6EO,KK6DZK,2
AE6EO,KK6EAW,1
AE6EO,KK6EKN,1
AE6EO,KK6LTH,1
AE6EO,KK6LTX,1
AE6EO,KK6LUA,4
AE6EO,KK6TOZ,3
AE6EO,KM6EEI,2
AE6EO,KM6I,4
AE6EO,KM6LTA,1
AE6EO,KN6BAW,4
AE6EO,KN6DSE,2
AE6EO,KN6EKC,4
AE6EO,KN6EKW,1
AE6EO,KN6GHD,4
AE6EO,KR6DD,2
AE6EO,KZ6DM,1
AE6EO,N6IDV,1
AE6EO,N6IHT,1
AE6EO,N6YXJ,2
AE6EO,N9DK,1
AE6EO,NE5NA,1
AE6EO,W6OWI,2
AE6EO,WA1IAM,1
AE6EO,WU6K,1
AG6SR,AE6EO,1
AG6SR,AG6SR,0
AG6SR,AI6KG,2
AG6SR,AI6SZ,4
AG6SR,AJ6JN,2
AG6SR,AJ6ME,2
AG6SR,AJ6XZ,2
AG6SR,AJ6XZ,1
AG6SR,K6FSH,1
AG6SR,K6PAO,4
AG6SR,K6ZJI,4
AG6SR,KA6MZE,4
AG6SR,KD6KDL,4
AG6SR,KE6BJQ,1
AG6SR,KE7JAC,4
AG6SR,KF6ZSQ,2
AG6SR,KG6TNE,2
AG6SR,KG6VYI,4
AG6SR,KG6VYP,4
AG6SR,KI6HLH,4
AG6SR,KI6LCP,1
AG6SR,KI6MXP,2
AG6SR,KI6PUR,2
AG6SR,KI6PUW,4
AG6SR,KI6PVA,4
AG6SR,KI6VYM,4
AG6SR,KJ6AMM,1
AG6SR,KJ6MIN,4
AG6SR,KK6DZK,4
AG6SR,KK6EAW,4
AG6SR,KK6EKN,1
AG6SR,KK6LTH,1
AG6SR,KK6LTX,1
AG6SR,KK6LUA,4
AG6SR,KK6TOZ,4
AG6SR,KM6EEI,4
AG6SR,KM6I,1
AG6SR,KM6LTA,1
AG6SR,KN6BAW,2
AG6SR,KN6DSE,2
AG6SR,KN6EKC,4
AG6SR,KN6EKW,4
AG6SR,KN6GHD,4
AG6SR,KR6DD,4
AG6SR,KZ6DM,4
AG6SR,N6IDV,2
AG6SR,N6IHT,2
AG6SR,N6YXJ,2
AG6SR,N9DK,2
AG6SR,NE5NA,1
AG6SR,W6OWI,4
AG6SR,WA1IAM,1
AG6SR,WU6K,4
AI6JI,AE6EO,4
AI6JI,AG6SR,4
AI6JI,AI6KG,3
AI6JI,AI6SZ,4
AI6JI,AJ6JN,1
AI6JI,AJ6ME,1
AI6JI,AJ6XZ,4
AI6JI,AJ6XZ,4
AI6JI,K6FSH,1
AI6JI,K6PAO,4
AI6JI,K6ZJI,1
AI6JI,KA6MZE,2
AI6JI,KD6KDL,2
AI6JI,KE6BJQ,2
AI6JI,KE7JAC,3
AI6JI,KF6ZSQ,1
AI6JI,KG6TNE,4
AI6JI,KG6VYI,4
AI6JI,KG6VYP,3
AI6JI,KI6HLH,1
AI6JI,KI6LCP,4
AI6JI,KI6MXP,1
AI6JI,KI6PUR,1
AI6JI,KI6PUW,4
AI6JI,KI6PVA,4
AI6JI,KI6VYM,4
AI6JI,KJ6AMM,1
AI6JI,KJ6MIN,1
AI6JI,KK6DZK,4
AI6JI,KK6EAW,4
AI6JI,KK6EKN,1
AI6JI,KK6LTH,1
AI6JI,KK6LTX,2
AI6JI,KK6LUA,4
AI6JI,KK6TOZ,3
AI6JI,KM6EEI,4
AI6JI,KM6I,3
AI6JI,KM6LTA,3
AI6JI,KN6BAW,2
AI6JI,KN6DSE,3
AI6JI,KN6EKC,3
AI6JI,KN6EKW,3
AI6JI,KN6GHD,3
AI6JI,KR6DD,3
AI6JI,KZ6DM,1
AI6JI,N6IDV,4
AI6JI,N6IHT,4
AI6JI,N6YXJ,2
AI6JI,N9DK,1
AI6JI,NE5NA,3
AI6JI,W6OWI,4
AI6JI,WA1IAM,4
AI6JI,WU6K,1
AI6KG,AI6KG,0
AI6SZ,AI6SZ,0
AJ6JN,AE6EO,1
AJ6JN,AG6SR,1
AJ6JN,AI6KG,1
AJ6JN,AI6SZ,1
AJ6JN,AJ6JN,0
AJ6JN,AJ6ME,1
AJ6JN,AJ6XZ,2
AJ6JN,K6FSH,1
AJ6JN,K6PAO,1
AJ6JN,K6ZJI,1
AJ6JN,KA6MZE,2
AJ6JN,KD6KDL,2
AJ6JN,KE6BJQ,1
AJ6JN,KE7JAC,1
AJ6JN,KF6ZSQ,1
AJ6JN,KG6TNE,3
AJ6JN,KG6VYI,1
AJ6JN,KG6VYP,2
AJ6JN,KI6HLH,1
AJ6JN,KI6LCP,2
AJ6JN,KI6MXP,1
AJ6JN,KI6PUR,1
AJ6JN,KI6PUW,1
AJ6JN,KI6PVA,1
AJ6JN,KI6VYM,1
AJ6JN,KJ6AMM,1
AJ6JN,KJ6MIN,3
AJ6JN,KK6DZK,1
AJ6JN,KK6EAW,2
AJ6JN,KK6EKN,1
AJ6JN,KK6LTH,1
AJ6JN,KK6LTX,1
AJ6JN,KK6LUA,1
AJ6JN,KK6TOZ,1
AJ6JN,KM6EEI,1
AJ6JN,KM6I,1
AJ6JN,KM6LTA,1
AJ6JN,KN6BAW,1
AJ6JN,KN6DSE,2
AJ6JN,KN6EKC,1
AJ6JN,KN6EKW,1
AJ6JN,KN6GHD,1
AJ6JN,KR6DD,1
AJ6JN,KZ6DM,2
AJ6JN,N6IDV,1
AJ6JN,N6IHT,1
AJ6JN,N6YXJ,2
AJ6JN,N9DK,1
AJ6JN,NE5NA,1
AJ6JN,W6OWI,1
AJ6JN,WA1IAM,1
AJ6JN,WU6K,1
AJ6ME,AE6EO,4
AJ6ME,AG6SR,3
AJ6ME,AI6KG,1
AJ6ME,AI6SZ,3
AJ6ME,AJ6JN,1
AJ6ME,AJ6ME,0
AJ6ME,AJ6XZ,4
AJ6ME,K6FSH,1
AJ6ME,K6PAO,4
AJ6ME,K6ZJI,1
AJ6ME,KA6MZE,1
AJ6ME,KD6KDL,3
AJ6ME,KE6BJQ,1
AJ6ME,KE7JAC,3
AJ6ME,KF6ZSQ,1
AJ6ME,KG6TNE,1
AJ6ME,KG6VYI,3
AJ6ME,KG6VYP,3
AJ6ME,KI6HLH,1
AJ6ME,KI6LCP,1
AJ6ME,KI6MXP,2
AJ6ME,KI6PUR,1
AJ6ME,KI6PUW,4
AJ6ME,KI6PVA,4
AJ6ME,KI6VYM,4
AJ6ME,KJ6AMM,1
AJ6ME,KJ6MIN,3
AJ6ME,KK6DZK,1
AJ6ME,KK6EAW,4
AJ6ME,KK6EKN,1
AJ6ME,KK6LTH,1
AJ6ME,KK6LTX,1
AJ6ME,KK6LUA,4
AJ6ME,KK6TOZ,1
AJ6ME,KM6EEI,4
AJ6ME,KM6I,3
AJ6ME,KM6LTA,1
AJ6ME,KN6BAW,2
AJ6ME,KN6DSE,3
AJ6ME,KN6EKC,2
AJ6ME,KN6EKW,1
AJ6ME,KN6GHD,3
AJ6ME,KR6DD,3
AJ6ME,KZ6DM,1
AJ6ME,N6IDV,4
AJ6ME,N6IHT,1
AJ6ME,N6YXJ,3
AJ6ME,N9DK,1
AJ6ME,NE5NA,1
AJ6ME,W6OWI,1
AJ6ME,WA1IAM,4
AJ6ME,WU6K,2
AJ6XZ,AE6EO,1
AJ6XZ,AG6SR,2
AJ6XZ,AI6KG,1
AJ6XZ,AI6SZ,3
AJ6XZ,AJ6JN,1
AJ6XZ,AJ6ME,1
AJ6XZ,AJ6XZ,0
AJ6XZ,K6FSH,1
AJ6XZ,K6PAO,4
AJ6XZ,K6ZJI,1
AJ6XZ,KA6MZE,1
AJ6XZ,KD6KDL,2
AJ6XZ,KE6BJQ,1
AJ6XZ,KE7JAC,3
AJ6XZ,KF6ZSQ,1
AJ6XZ,KG6TNE,1
AJ6XZ,KG6VYI,2
AJ6XZ,KG6VYP,3
AJ6XZ,KI6HLH,1
AJ6XZ,KI6LCP,1
AJ6XZ,KI6MXP,1
AJ6XZ,KI6PUR,1
AJ6XZ,KI6PUW,4
AJ6XZ,KI6PVA,4
AJ6XZ,KI6VYM,3
AJ6XZ,KJ6AMM,1
AJ6XZ,KJ6MIN,2
AJ6XZ,KK6DZK,1
AJ6XZ,KK6EAW,1
AJ6XZ,KK6EKN,1
AJ6XZ,KK6LTH,1
AJ6XZ,KK6LTX,1
AJ6XZ,KK6LUA,4
AJ6XZ,KK6TOZ,3
AJ6XZ,KM6EEI,1
AJ6XZ,KM6I,1
AJ6XZ,KM6LTA,1
AJ6XZ,KN6BAW,1
AJ6XZ,KN6DSE,3
AJ6XZ,KN6EKC,3
AJ6XZ,KN6EKW,1
AJ6XZ,KN6GHD,2
AJ6XZ,KR6DD,3
AJ6XZ,KZ6DM,1
AJ6XZ,N6IDV,1
AJ6XZ,N6IHT,1
AJ6XZ,N6YXJ,2
AJ6XZ,N9DK,1
AJ6XZ,NE5NA,1
AJ6XZ,W6OWI,2
AJ6XZ,WA1IAM,1
AJ6XZ,WU6K,1
K6FSH,AE6EO,1
K6FSH,AG6SR,3
K6FSH,AI6KG,1
K6FSH,AI6SZ,3
K6FSH,AJ6JN,1
K6FSH,AJ6ME,1
K6FSH,AJ6XZ,2
K6FSH,K6FSH,0
K6FSH,K6PAO,4
K6FSH,K6ZJI,2
K6FSH,KA6MZE,1
K6FSH,KD6KDL,1
K6FSH,KE6BJQ,2
K6FSH,KE7JAC,3
K6FSH,KF6ZSQ,1
K6FSH,KG6TNE,3
K6FSH,KG6VYI,3
K6FSH,KG6VYP,3
K6FSH,KI6HLH,2
K6FSH,KI6LCP,2
K6FSH,KI6MXP,2
K6FSH,KI6PUR,2
K6FSH,KI6PUW,4
K6FSH,KI6PVA,4
K6FSH,KI6VYM,3
K6FSH,KJ6AMM,1
K6FSH,KJ6MIN,3
K6FSH,KK6DZK,3
K6FSH,KK6EAW,3
K6FSH,KK6EKN,1
K6FSH,KK6LTH,1
K6FSH,KK6LTX,2
K6FSH,KK6LUA,4
K6FSH,KK6TOZ,3
K6FSH,KM6EEI,2
K6FSH,KM6I,3
K6FSH,KM6LTA,2
K6FSH,KN6BAW,2
K6FSH,KN6DSE,3
K6FSH,KN6EKC,3
K6FSH,KN6EKW,3
K6FSH,KN6GHD,2
K6FSH,KR6DD,3
K6FSH,KZ6DM,1
K6FSH,N6IDV,1
K6FSH,N6IHT,1
K6FSH,N6YXJ,3
K6FSH,N9DK,1
K6FSH,NE5NA,1
K6FSH,W6OWI,2
K6FSH,WA1IAM,1
K6FSH,WU6K,3
K6PAO,AE6EO,4
K6PAO,AG6SR,4
K6PAO,AI6KG,4
K6PAO,AI6SZ,4
K6PAO,AJ6JN,4
K6PAO,AJ6ME,4
K6PAO,AJ6XZ,4
K6PAO,K6FSH,4
K6PAO,K6PAO,0
K6PAO,K6ZJI,4
K6PAO,KA6MZE,4
K6PAO,KD6KDL,4
K6PAO,KE6BJQ,4
K6PAO,KE7JAC,4
K6PAO,KF6ZSQ,4
K6PAO,KG6TNE,4
K6PAO,KG6VYI,4
K6PAO,KG6VYP,4
K6PAO,KI6HLH,4
K6PAO,KI6LCP,4
K6PAO,KI6MXP,4
K6PAO,KI6PUR,1
K6PAO,KI6PUW,1
K6PAO,KI6PVA,1
K6PAO,KI6VYM,4
K6PAO,KJ6AMM,1
K6PAO,KJ6MIN,4
K6PAO,KK6DZK,4
K6PAO,KK6EAW,4
K6PAO,KK6EKN,4
K6PAO,KK6LTH,4
K6PAO,KK6LTX,4
K6PAO,KK6LUA,4
K6PAO,KK6TOZ,4
K6PAO,KM6EEI,4
K6PAO,KM6I,4
K6PAO,KM6LTA,4
K6PAO,KN6BAW,4
K6PAO,KN6DSE,4
K6PAO,KN6EKC,4
K6PAO,KN6EKW,4
K6PAO,KN6GHD,4
K6PAO,KR6DD,4
K6PAO,KZ6DM,4
K6PAO,N6IDV,4
K6PAO,N6IHT,4
K6PAO,N6YXJ,4
K6PAO,N9DK,4
K6PAO,NE5NA,1
K6PAO,W6OWI,4
K6PAO,WA1IAM,4
K6PAO,WU6K,4
K6ZJI,K6ZJI,0
KA6MZE,KA6MZE,0
KD6KDL,AE6EO,1
KD6KDL,AG6SR,3
KD6KDL,AI6KG,1
KD6KDL,AI6SZ,3
KD6KDL,AJ6JN,1
KD6KDL,AJ6ME,1
KD6KDL,AJ6XZ,2
KD6KDL,K6FSH,1
KD6KDL,K6PAO,1
KD6KDL,K6ZJI,1
KD6KDL,KA6MZE,1
KD6KDL,KD6KDL,0
KD6KDL,KE6BJQ,1
KD6KDL,KE7JAC,1
KD6KDL,KF6ZSQ,1
KD6KDL,KG6TNE,1
KD6KDL,KG6VYI,1
KD6KDL,KG6VYP,3
KD6KDL,KI6HLH,1
KD6KDL,KI6LCP,3
KD6KDL,KI6MXP,1
KD6KDL,KI6PUR,1
KD6KDL,KI6PUW,1
KD6KDL,KI6PVA,1
KD6KDL,KI6VYM,1
KD6KDL,KJ6AMM,1
KD6KDL,KJ6MIN,1
KD6KDL,KK6DZK,3
KD6KDL,KK6EAW,3
KD6KDL,KK6EKN,1
KD6KDL,KK6LTH,1
KD6KDL,KK6LTX,2
KD6KDL,KK6LUA,1
KD6KDL,KK6TOZ,1
KD6KDL,KM6EEI,1
KD6KDL,KM6I,3
KD6KDL,KM6LTA,2
KD6KDL,KN6BAW,1
KD6KDL,KN6DSE,3
KD6KDL,KN6EKC,3
KD6KDL,KN6EKW,1
KD6KDL,KN6GHD,1
KD6KDL,KR6DD,3
KD6KDL,KZ6DM,1
KD6KDL,N6IDV,1
KD6KDL,N6IHT,1
KD6KDL,N6YXJ,1
KD6KDL,N9DK,1
KD6KDL,NE5NA,1
KD6KDL,W6OWI,1
KD6KDL,WA1IAM,1
KD6KDL,WU6K,1
KE6BJQ,AE6EO,4
KE6BJQ,AG6SR,1
KE6BJQ,AI6KG,1
KE6BJQ,AI6SZ,2
KE6BJQ,AJ6JN,1
KE6BJQ,AJ6ME,1
KE6BJQ,AJ6XZ,4
KE6BJQ,K6FSH,1
KE6BJQ,K6PAO,4
KE6BJQ,K6ZJI,1
KE6BJQ,KA6MZE,1
KE6BJQ,KD6KDL,2
KE6BJQ,KE6BJQ,0
KE6BJQ,KE7JAC,3
KE6BJQ,KF6ZSQ,1
KE6BJQ,KG6TNE,1
KE6BJQ,KG6VYI,2
KE6BJQ,KG6VYP,1
KE6BJQ,KI6HLH,1
KE6BJQ,KI6LCP,1
KE6BJQ,KI6MXP,1
KE6BJQ,KI6PUR,2
KE6BJQ,KI6PUW,4
KE6BJQ,KI6PVA,4
KE6BJQ,KI6VYM,4
KE6BJQ,KJ6AMM,1
KE6BJQ,KJ6MIN,3
KE6BJQ,KK6DZK,3
KE6BJQ,KK6EAW,4
KE6BJQ,KK6EKN,1
KE6BJQ,KK6LTH,1
KE6BJQ,KK6LTX,1
KE6BJQ,KK6LUA,4
KE6BJQ,KK6TOZ,3
KE6BJQ,KM6EEI,4
KE6BJQ,KM6I,1
KE6BJQ,KM6LTA,1
KE6BJQ,KN6BAW,1
KE6BJQ,KN6DSE,2
KE6BJQ,KN6EKC,3
KE6BJQ,KN6EKW,2
KE6BJQ,KN6GHD,4
KE6BJQ,KR6DD,2
KE6BJQ,KZ6DM,1
KE6BJQ,N6IDV,3
KE6BJQ,N6IHT,1
KE6BJQ,N6YXJ,2
KE6BJQ,N9DK,3
KE6BJQ,NE5NA,1
KE6BJQ,W6OWI,2
KE6BJQ,WA1IAM,1
KE6BJQ,WU6K,1
KE7JAC,AE6EO,1
KE7JAC,AG6SR,3
KE7JAC,AI6KG,1
KE7JAC,AI6SZ,3
KE7JAC,AJ6JN,1
KE7JAC,AJ6ME,1
KE7JAC,AJ6XZ,4
KE7JAC,K6FSH,1
KE7JAC,K6PAO,4
KE7JAC,K6ZJI,2
KE7JAC,KA6MZE,2
KE7JAC,KD6KDL,2
KE7JAC,KE6BJQ,3
KE7JAC,KE7JAC,0
KE7JAC,KF6ZSQ,1
KE7JAC,KG6TNE,3
KE7JAC,KG6VYI,3
KE7JAC,KG6VYP,3
KE7JAC,KI6HLH,1
KE7JAC,KI6LCP,3
KE7JAC,KI6MXP,1
KE7JAC,KI6PUR,1
KE7JAC,KI6PUW,4
KE7JAC,KI6PVA,4
KE7JAC,KI6VYM,4
KE7JAC,KJ6AMM,1
KE7JAC,KJ6MIN,3
KE7JAC,KK6DZK,3
KE7JAC,KK6EAW,3
KE7JAC,KK6EKN,1
KE7JAC,KK6LTH,1
KE7JAC,KK6LTX,3
KE7JAC,KK6LUA,4
KE7JAC,KK6TOZ,2
KE7JAC,KM6EEI,3
KE7JAC,KM6I,3
KE7JAC,KM6LTA,3
KE7JAC,KN6BAW,3
KE7JAC,KN6DSE,3
KE7JAC,KN6EKC,3
KE7JAC,KN6EKW,3
KE7JAC,KN6GHD,3
KE7JAC,KR6DD,3
KE7JAC,KZ6DM,1
KE7JAC,N6IDV,1
KE7JAC,N6IHT,1
KE7JAC,N6YXJ,3
KE7JAC,N9DK,1
KE7JAC,NE5NA,2
KE7JAC,W6OWI,2
KE7JAC,WA1IAM,1
KE7JAC,WU6K,1
KF6ZSQ,AE6EO,1
KF6ZSQ,AG6SR,2
KF6ZSQ,AI6KG,1
KF6ZSQ,AI6SZ,2
KF6ZSQ,AJ6JN,1
KF6ZSQ,AJ6ME,1
KF6ZSQ,AJ6XZ,2
KF6ZSQ,K6FSH,1
KF6ZSQ,K6PAO,3
KF6ZSQ,K6ZJI,2
KF6ZSQ,KA6MZE,1
KF6ZSQ,KD6KDL,1
KF6ZSQ,KE6BJQ,1
KF6ZSQ,KE7JAC,1
KF6ZSQ,KF6ZSQ,0
KF6ZSQ,KG6TNE,2
KF6ZSQ,KG6VYI,3
KF6ZSQ,KG6VYP,3
KF6ZSQ,KI6HLH,1
KF6ZSQ,KI6LCP,2
KF6ZSQ,KI6MXP,1
KF6ZSQ,KI6PUR,1
KF6ZSQ,KI6PUW,1
KF6ZSQ,KI6PVA,1
KF6ZSQ,KI6VYM,1
KF6ZSQ,KJ6AMM,1
KF6ZSQ,KJ6MIN,3
KF6ZSQ,KK6DZK,2
KF6ZSQ,KK6EAW,3
KF6ZSQ,KK6EKN,1
KF6ZSQ,KK6LTH,2
KF6ZSQ,KK6LTX,2
KF6ZSQ,KK6LUA,3
KF6ZSQ,KK6TOZ,2
KF6ZSQ,KM6EEI,1
KF6ZSQ,KM6I,3
KF6ZSQ,KM6LTA,1
KF6ZSQ,KN6BAW,2
KF6ZSQ,KN6DSE,2
KF6ZSQ,KN6EKC,3
KF6ZSQ,KN6EKW,2
KF6ZSQ,KN6GHD,2
KF6ZSQ,KR6DD,3
KF6ZSQ,KZ6DM,1
KF6ZSQ,N6IDV,2
KF6ZSQ,N6IHT,1
KF6ZSQ,N6YXJ,1
KF6ZSQ,N9DK,1
KF6ZSQ,NE5NA,1
KF6ZSQ,W6OWI,1
KF6ZSQ,WA1IAM,1
KF6ZSQ,WU6K,1
KG6TNE,AE6EO,1
KG6TNE,AG6SR,4
KG6TNE,AI6KG,4
KG6TNE,AI6SZ,4
KG6TNE,AJ6JN,2
KG6TNE,AJ6ME,4
KG6TNE,AJ6XZ,1
KG6TNE,K6FSH,3
KG6TNE,K6PAO,4
KG6TNE,K6ZJI,4
KG6TNE,KA6MZE,4
KG6TNE,KD6KDL,3
KG6TNE,KE6BJQ,4
KG6TNE,KE7JAC,4
KG6TNE,KF6ZSQ,2
KG6TNE,KG6TNE,0
KG6TNE,KG6VYI,4
KG6TNE,KG6VYP,4
KG6TNE,KI6HLH,4
KG6TNE,KI6LCP,1
KG6TNE,KI6MXP,2
KG6TNE,KI6PUR,3
KG6TNE,KI6PUW,4
KG6TNE,KI6PVA,4
KG6TNE,KI6VYM,4
KG6TNE,KJ6AMM,2
KG6TNE,KJ6MIN,4
KG6TNE,KK6DZK,4
KG6TNE,KK6EAW,4
KG6TNE,KK6EKN,1
KG6TNE,KK6LTH,2
KG6TNE,KK6LTX,2
KG6TNE,KK6LUA,4
KG6TNE,KK6TOZ,4
KG6TNE,KM6EEI,4
KG6TNE,KM6I,4
KG6TNE,KM6LTA,2
KG6TNE,KN6BAW,4
KG6TNE,KN6DSE,4
KG6TNE,KN6EKC,4
KG6TNE,KN6EKW,3
KG6TNE,KN6GHD,4
KG6TNE,KR6DD,4
KG6TNE,KZ6DM,4
KG6TNE,N6IDV,3
KG6TNE,N6IHT,2
KG6TNE,N6YXJ,3
KG6TNE,N9DK,2
KG6TNE,NE5NA,1
KG6TNE,W6OWI,4
KG6TNE,WA1IAM,4
KG6TNE,WU6K,4
KG6VYI,AE6EO,1
KG6VYI,AG6SR,3
KG6VYI,AI6KG,1
KG6VYI,AI6SZ,3
KG6VYI,AJ6JN,2
KG6VYI,AJ6ME,4
KG6VYI,AJ6XZ,2
KG6VYI,K6FSH,1
KG6VYI,K6PAO,3
KG6VYI,K6ZJI,1
KG6VYI,KA6MZE,4
KG6VYI,KD6KDL,2
KG6VYI,KE6BJQ,4
KG6VYI,KE7JAC,3
KG6VYI,KF6ZSQ,2
KG6VYI,KG6TNE,3
KG6VYI,KG6VYI,0
KG6VYI,KG6VYP,3
KG6VYI,KI6HLH,2
KG6VYI,KI6LCP,3
KG6VYI,KI6MXP,3
KG6VYI,KI6PUR,2
KG6VYI,KI6PUW,3
KG6VYI,KI6PVA,2
KG6VYI,KI6VYM,3
KG6VYI,KJ6AMM,1
KG6VYI,KJ6MIN,4
KG6VYI,KK6DZK,3
KG6VYI,KK6EAW,3
KG6VYI,KK6EKN,1
KG6VYI,KK6LTH,1
KG6VYI,KK6LTX,3
KG6VYI,KK6LUA,3
KG6VYI,KK6TOZ,3
KG6VYI,KM6EEI,3
KG6VYI,KM6I,4
KG6VYI,KM6LTA,3
KG6VYI,KN6BAW,4
KG6VYI,KN6DSE,3
KG6VYI,KN6EKC,3
KG6VYI,KN6EKW,4
KG6VYI,KN6GHD,3
KG6VYI,KR6DD,3
KG6VYI,KZ6DM,1
KG6VYI,N6IDV,2
KG6VYI,N6IHT,1
KG6VYI,N6YXJ,2
KG6VYI,N9DK,1
KG6VYI,NE5NA,1
KG6VYI,W6OWI,3
KG6VYI,WA1IAM,1
KG6VYI,WU6K,2
KG6VYP,KG6VYP,0
KI6HLH,AE6EO,1
KI6HLH,AG6SR,3
KI6HLH,AI6KG,1
KI6HLH,AI6SZ,3
KI6HLH,AJ6JN,1
KI6HLH,AJ6ME,1
KI6HLH,AJ6XZ,1
KI6HLH,K6FSH,1
KI6HLH,K6PAO,3
KI6HLH,K6ZJI,3
KI6HLH,KA6MZE,1
KI6HLH,KD6KDL,1
KI6HLH,KE6BJQ,3
KI6HLH,KE7JAC,1
KI6HLH,KF6ZSQ,1
KI6HLH,KG6TNE,2
KI6HLH,KG6VYI,2
KI6HLH,KG6VYP,3
KI6HLH,KI6HLH,0
KI6HLH,KI6LCP,3
KI6HLH,KI6MXP,4
KI6HLH,KI6PUR,1
KI6HLH,KI6PUW,2
KI6HLH,KI6PVA,3
KI6HLH,KI6VYM,1
KI6HLH,KJ6AMM,1
KI6HLH,KJ6MIN,1
KI6HLH,KK6DZK,2
KI6HLH,KK6EAW,3
KI6HLH,KK6EKN,1
KI6HLH,KK6LTH,1
KI6HLH,KK6LTX,2
KI6HLH,KK6LUA,1
KI6HLH,KK6TOZ,1
KI6HLH,KM6EEI,2
KI6HLH,KM6I,1
KI6HLH,KM6LTA,1
KI6HLH,KN6BAW,1
KI6HLH,KN6DSE,2
KI6HLH,KN6EKC,3
KI6HLH,KN6EKW,2
KI6HLH,KN6GHD,2
KI6HLH,KR6DD,2
KI6HLH,KZ6DM,1
KI6HLH,N6IDV,1
KI6HLH,N6IHT,1
KI6HLH,N6YXJ,3
KI6HLH,N9DK,1
KI6HLH,NE5NA,1
KI6HLH,W6OWI,2
KI6HLH,WA1IAM,1
KI6HLH,WU6K,1
KI6LCP,AE6EO,1
KI6LCP,AG6SR,1
KI6LCP,AI6KG,1
KI6LCP,AI6SZ,2
KI6LCP,AJ6JN,2
KI6LCP,AJ6ME,4
KI6LCP,AJ6XZ,1
KI6LCP,K6FSH,1
KI6LCP,K6PAO,4
KI6LCP,K6ZJI,2
KI6LCP,KA6MZE,3
KI6LCP,KD6KDL,3
KI6LCP,KE6BJQ,1
KI6LCP,KE7JAC,3
KI6LCP,KF6ZSQ,1
KI6LCP,KG6TNE,1
KI6LCP,KG6VYI,3
KI6LCP,KG6VYP,3
KI6LCP,KI6HLH,2
KI6LCP,KI6LCP,0
KI6LCP,KI6MXP,4
KI6LCP,KI6PUR,2
KI6LCP,KI6PUW,2
KI6LCP,KI6PVA,1
KI6LCP,KI6VYM,3
KI6LCP,KJ6AMM,1
KI6LCP,KJ6MIN,3
KI6LCP,KK6DZK,4
KI6LCP,KK6EAW,1
KI6LCP,KK6EKN,1
KI6LCP,KK6LTH,1
KI6LCP,KK6LTX,1
KI6LCP,KK6LUA,4
KI6LCP,KK6TOZ,3
KI6LCP,KM6EEI,2
KI6LCP,KM6I,4
KI6LCP,KM6LTA,2
KI6LCP,KN6BAW,2
KI6LCP,KN6DSE,2
KI6LCP,KN6EKC,4
KI6LCP,KN6EKW,3
KI6LCP,KN6GHD,2
KI6LCP,KR6DD,1
KI6LCP,KZ6DM,1
KI6LCP,N6IDV,3
KI6LCP,N6IHT,2
KI6LCP,N6YXJ,2
KI6LCP,N9DK,1
KI6LCP,NE5NA,1
KI6LCP,W6OWI,3
KI6LCP,WA1IAM,4
KI6LCP,WU6K,1
KI6MXP,AE6EO,1
KI6MXP,AG6SR,3
KI6MXP,AI6KG,1
KI6MXP,AI6SZ,3
KI6MXP,AJ6JN,1
KI6MXP,AJ6ME,1
KI6MXP,AJ6XZ,1
KI6MXP,K6FSH,1
KI6MXP,K6PAO,3
KI6MXP,K6ZJI,3
KI6MXP,KA6MZE,1
KI6MXP,KD6KDL,1
KI6MXP,KE6BJQ,3
KI6MXP,KE7JAC,1
KI6MXP,KF6ZSQ,1
KI6MXP,KG6TNE,2
KI6MXP,KG6VYI,2
KI6MXP,KG6VYP,3
KI6MXP,KI6HLH,1
KI6MXP,KI6LCP,3
KI6MXP,KI6MXP,0
KI6MXP,KI6PUR,1
KI6MXP,KI6PUW,2
KI6MXP,KI6PVA,3
KI6MXP,KI6VYM,1
KI6MXP,KJ6AMM,1
KI6MXP,KJ6MIN,1
KI6MXP,KK6DZK,2
KI6MXP,KK6EAW,3
KI6MXP,KK6EKN,1
KI6MXP,KK6LTH,1
KI6MXP,KK6LTX,2
KI6MXP,KK6LUA,1
KI6MXP,KK6TOZ,1
KI6MXP,KM6EEI,2
KI6MXP,KM6I,1
KI6MXP,KM6LTA,1
KI6MXP,KN6BAW,1
KI6MXP,KN6DSE,2
KI6MXP,KN6EKC,3
KI6MXP,KN6EKW,2
KI6MXP,KN6GHD,2
KI6MXP,KR6DD,2
KI6MXP,KZ6DM,1
KI6MXP,N6IDV,1
KI6MXP,N6IHT,1
KI6MXP,N6YXJ,3
KI6MXP,N9DK,1
KI6MXP,NE5NA,1
KI6MXP,W6OWI,2
KI6MXP,WA1IAM,1
KI6MXP,WU6K,1
KI6PUR,AE6EO,1
KI6PUR,AG6SR,3
KI6PUR,AI6KG,1
KI6PUR,AI6SZ,2
KI6PUR,AJ6JN,1
KI6PUR,AJ6ME,1
KI6PUR,AJ6XZ,1
KI6PUR,K6FSH,1
KI6PUR,K6PAO,1
KI6PUR,K6ZJI,1
KI6PUR,KA6MZE,1
KI6PUR,KD6KDL,1
KI6PUR,KE6BJQ,1
KI6PUR,KE7JAC,1
KI6PUR,KF6ZSQ,1
KI6PUR,KG6TNE,3
KI6PUR,KG6VYI,3
KI6PUR,KG6VYP,3
KI6PUR,KI6HLH,1
KI6PUR,KI6LCP,3
KI6PUR,KI6MXP,1
KI6PUR,KI6PUR,0
KI6PUR,KI6PUW,2
KI6PUR,KI6PVA,2
KI6PUR,KI6VYM,1
KI6PUR,KJ6AMM,1
KI6PUR,KJ6MIN,1
KI6PUR,KK6DZK,2
KI6PUR,KK6EAW,3
KI6PUR,KK6EKN,1
KI6PUR,KK6LTH,1
KI6PUR,KK6LTX,2
KI6PUR,KK6LUA,1
KI6PUR,KK6TOZ,1
KI6PUR,KM6EEI,1
KI6PUR,KM6I,1
KI6PUR,KM6LTA,2
KI6PUR,KN6BAW,2
KI6PUR,KN6DSE,2
KI6PUR,KN6EKC,2
KI6PUR,KN6EKW,1
KI6PUR,KN6GHD,2
KI6PUR,KR6DD,3
KI6PUR,KZ6DM,1
KI6PUR,N6IDV,1
KI6PUR,N6IHT,1
KI6PUR,N6YXJ,2
KI6PUR,N9DK,1
KI6PUR,NE5NA,1
KI6PUR,W6OWI,1
KI6PUR,WA1IAM,1
KI6PUR,WU6K,1
KI6PUW,AE6EO,1
KI6PUW,AG6SR,3
KI6PUW,AI6KG,1
KI6PUW,AI6SZ,1
KI6PUW,AJ6JN,1
KI6PUW,AJ6ME,1
KI6PUW,AJ6XZ,1
KI6PUW,K6FSH,2
KI6PUW,K6PAO,1
KI6PUW,K6ZJI,1
KI6PUW,KA6MZE,1
KI6PUW,KD6KDL,3
KI6PUW,KE6BJQ,1
KI6PUW,KE7JAC,3
KI6PUW,KF6ZSQ,2
KI6PUW,KG6TNE,3
KI6PUW,KG6VYI,2
KI6PUW,KG6VYP,3
KI6PUW,KI6HLH,2
KI6PUW,KI6LCP,2
KI6PUW,KI6MXP,1
KI6PUW,KI6PUR,2
KI6PUW,KI6PUW,0
KI6PUW,KI6PVA,4
KI6PUW,KI6VYM,2
KI6PUW,KJ6AMM,1
KI6PUW,KJ6MIN,4
KI6PUW,KK6DZK,3
KI6PUW,KK6EAW,3
KI6PUW,KK6EKN,1
KI6PUW,KK6LTH,1
KI6PUW,KK6LTX,2
KI6PUW,KK6LUA,3
KI6PUW,KK6TOZ,3
KI6PUW,KM6EEI,1
KI6PUW,KM6I,1
KI6PUW,KM6LTA,1
KI6PUW,KN6BAW,1
KI6PUW,KN6DSE,2
KI6PUW,KN6EKC,3
KI6PUW,KN6EKW,3
KI6PUW,KN6GHD,3
KI6PUW,KR6DD,3
KI6PUW,KZ6DM,1
KI6PUW,N6IDV,1
KI6PUW,N6IHT,1
KI6PUW,N6YXJ,1
KI6PUW,N9DK,2
KI6PUW,NE5NA,1
KI6PUW,W6OWI,3
KI6PUW,WA1IAM,1
KI6PUW,WU6K,1
KI6PVA,AE6EO,4
KI6PVA,AG6SR,4
KI6PVA,AI6KG,1
KI6PVA,AI6SZ,1
KI6PVA,AJ6JN,2
KI6PVA,AJ6ME,4
KI6PVA,AJ6XZ,1
KI6PVA,K6FSH,1
KI6PVA,K6PAO,1
KI6PVA,K6ZJI,1
KI6PVA,KA6MZE,4
KI6PVA,KD6KDL,1
KI6PVA,KE6BJQ,4
KI6PVA,KE7JAC,3
KI6PVA,KF6ZSQ,2
KI6PVA,KG6TNE,1
KI6PVA,KG6VYI,1
KI6PVA,KG6VYP,4
KI6PVA,KI6HLH,2
KI6PVA,KI6LCP,2
KI6PVA,KI6MXP,3
KI6PVA,KI6PUR,2
KI6PVA,KI6PUW,4
KI6PVA,KI6PVA,0
KI6PVA,KI6VYM,1
KI6PVA,KJ6AMM,1
KI6PVA,KJ6MIN,4
KI6PVA,KK6DZK,4
KI6PVA,KK6EAW,4
KI6PVA,KK6EKN,1
KI6PVA,KK6LTH,1
KI6PVA,KK6LTX,1
KI6PVA,KK6LUA,3
KI6PVA,KK6TOZ,3
KI6PVA,KM6EEI,1
KI6PVA,KM6I,4
KI6PVA,KM6LTA,1
KI6PVA,KN6BAW,4
KI6PVA,KN6DSE,2
KI6PVA,KN6EKC,3
KI6PVA,KN6EKW,4
KI6PVA,KN6GHD,1
KI6PVA,KR6DD,4
KI6PVA,KZ6DM,1
KI6PVA,N6IDV,1
KI6PVA,N6IHT,1
KI6PVA,N6YXJ,1
KI6PVA,N9DK,1
KI6PVA,NE5NA,1
KI6PVA,W6OWI,1
KI6PVA,WA1IAM,1
KI6PVA,WU6K,2
KI6VYM,AE6EO,1
KI6VYM,AG6SR,4
KI6VYM,AI6KG,1
KI6VYM,AI6SZ,4
KI6VYM,AJ6JN,2
KI6VYM,AJ6ME,4
KI6VYM,AJ6XZ,4
KI6VYM,K6FSH,1
KI6VYM,K6PAO,4
KI6VYM,K6ZJI,2
KI6VYM,KA6MZE,4
KI6VYM,KD6KDL,1
KI6VYM,KE6BJQ,4
KI6VYM,KE7JAC,1
KI6VYM,KF6ZSQ,1
KI6VYM,KG6TNE,4
KI6VYM,KG6VYI,4
KI6VYM,KG6VYP,4
KI6VYM,KI6HLH,1
KI6VYM,KI6LCP,4
KI6VYM,KI6MXP,1
KI6VYM,KI6PUR,1
KI6VYM,KI6PUW,4
KI6VYM,KI6PVA,3
KI6VYM,KI6VYM,0
KI6VYM,KJ6AMM,1
KI6VYM,KJ6MIN,1
KI6VYM,KK6DZK,4
KI6VYM,KK6EAW,4
KI6VYM,KK6EKN,4
KI6VYM,KK6LTH,1
KI6VYM,KK6LTX,4
KI6VYM,KK6LUA,4
KI6VYM,KK6TOZ,4
KI6VYM,KM6EEI,2
KI6VYM,KM6I,4
KI6VYM,KM6LTA,4
KI6VYM,KN6BAW,4
KI6VYM,KN6DSE,4
KI6VYM,KN6EKC,4
KI6VYM,KN6EKW,4
KI6VYM,KN6GHD,3
KI6VYM,KR6DD,4
KI6VYM,KZ6DM,1
KI6VYM,N6IDV,2
KI6VYM,N6IHT,1
KI6VYM,N6YXJ,4
KI6VYM,N9DK,1
KI6VYM,NE5NA,1
KI6VYM,W6OWI,1
KI6VYM,WA1IAM,2
KI6VYM,WU6K,1
KJ6AMM,AE6EO,1
KJ6AMM,AG6SR,2
KJ6AMM,AI6KG,1
KJ6AMM,AI6SZ,1
KJ6AMM,AJ6JN,1
KJ6AMM,AJ6ME,1
KJ6AMM,AJ6XZ,1
KJ6AMM,K6FSH,1
KJ6AMM,K6PAO,1
KJ6AMM,K6ZJI,1
KJ6AMM,KA6MZE,1
KJ6AMM,KD6KDL,2
KJ6AMM,KE6BJQ,1
KJ6AMM,KE7JAC,1
KJ6AMM,KF6ZSQ,1
KJ6AMM,KG6TNE,3
KJ6AMM,KG6VYI,1
KJ6AMM,KG6VYP,2
KJ6AMM,KI6HLH,1
KJ6AMM,KI6LCP,1
KJ6AMM,KI6MXP,1
KJ6AMM,KI6PUR,1
KJ6AMM,KI6PUW,1
KJ6AMM,KI6PVA,1
KJ6AMM,KI6VYM,2
KJ6AMM,KJ6AMM,0
KJ6AMM,KJ6MIN,1
KJ6AMM,KK6DZK,2
KJ6AMM,KK6EAW,1
KJ6AMM,KK6EKN,1
KJ6AMM,KK6LTH,1
KJ6AMM,KK6LTX,2
KJ6AMM,KK6LUA,3
KJ6AMM,KK6TOZ,1
KJ6AMM,KM6EEI,1
KJ6AMM,KM6I,3
KJ6AMM,KM6LTA,2
KJ6AMM,KN6BAW,1
KJ6AMM,KN6DSE,2
KJ6AMM,KN6EKC,2
KJ6AMM,KN6EKW,1
KJ6AMM,KN6GHD,1
KJ6AMM,KR6DD,1
KJ6AMM,KZ6DM,1
KJ6AMM,N6IDV,1
KJ6AMM,N6IHT,1
KJ6AMM,N6YXJ,1
KJ6AMM,N9DK,1
KJ6AMM,NE5NA,1
KJ6AMM,W6OWI,1
KJ6AMM,WA1IAM,1
KJ6AMM,WU6K,1
KJ6MIN,AE6EO,4
KJ6MIN,AG6SR,4
KJ6MIN,AI6KG,3
KJ6MIN,AI6SZ,4
KJ6MIN,AJ6JN,4
KJ6MIN,AJ6ME,2
KJ6MIN,AJ6XZ,4
KJ6MIN,K6FSH,4
KJ6MIN,K6PAO,4
KJ6MIN,K6ZJI,3
KJ6MIN,KA6MZE,4
KJ6MIN,KD6KDL,4
KJ6MIN,KE6BJQ,2
KJ6MIN,KE7JAC,2
KJ6MIN,KF6ZSQ,4
KJ6MIN,KG6TNE,4
KJ6MIN,KG6VYI,3
KJ6MIN,KG6VYP,4
KJ6MIN,KI6HLH,1
KJ6MIN,KI6LCP,2
KJ6MIN,KI6MXP,1
KJ6MIN,KI6PUR,1
KJ6MIN,KI6PUW,4
KJ6MIN,KI6PVA,4
KJ6MIN,KI6VYM,4
KJ6MIN,KJ6AMM,1
KJ6MIN,KJ6MIN,0
KJ6MIN,KK6DZK,3
KJ6MIN,KK6EAW,4
KJ6MIN,KK6EKN,4
KJ6MIN,KK6LTH,3
KJ6MIN,KK6LTX,2
KJ6MIN,KK6LUA,4
KJ6MIN,KK6TOZ,2
KJ6MIN,KM6EEI,4
KJ6MIN,KM6I,3
KJ6MIN,KM6LTA,3
KJ6MIN,KN6BAW,2
KJ6MIN,KN6DSE,3
KJ6MIN,KN6EKC,4
KJ6MIN,KN6EKW,4
KJ6MIN,KN6GHD,3
KJ6MIN,KR6DD,3
KJ6MIN,KZ6DM,4
KJ6MIN,N6IDV,4
KJ6MIN,N6IHT,1
KJ6MIN,N6YXJ,4
KJ6MIN,N9DK,1
KJ6MIN,NE5NA,1
KJ6MIN,W6OWI,4
KJ6MIN,WA1IAM,4
KJ6MIN,WU6K,4
KK6DZK,AE6EO,4
KK6DZK,AG6SR,4
KK6DZK,AI6KG,1
KK6DZK,AI6SZ,4
KK6DZK,AJ6JN,1
KK6DZK,AJ6ME,2
KK6DZK,AJ6XZ,4
KK6DZK,K6FSH,2
KK6DZK,K6PAO,4
KK6DZK,K6ZJI,4
KK6DZK,KA6MZE,4
KK6DZK,KD6KDL,4
KK6DZK,KE6BJQ,1
KK6DZK,KE7JAC,4
KK6DZK,KF6ZSQ,4
KK6DZK,KG6TNE,4
KK6DZK,KG6VYI,4
KK6DZK,KG6VYP,4
KK6DZK,KI6HLH,1
KK6DZK,KI6LCP,4
KK6DZK,KI6MXP,1
KK6DZK,KI6PUR,1
KK6DZK,KI6PUW,4
KK6DZK,KI6PVA,4
KK6DZK,KI6VYM,4
KK6DZK,KJ6AMM,1
KK6DZK,KJ6MIN,4
KK6DZK,KK6DZK,0
KK6DZK,KK6EAW,4
KK6DZK,KK6EKN,2
KK6DZK,KK6LTH,1
KK6DZK,KK6LTX,1
KK6DZK,KK6LUA,4
KK6DZK,KK6TOZ,4
KK6DZK,KM6EEI,4
KK6DZK,KM6I,1
KK6DZK,KM6LTA,2
KK6DZK,KN6BAW,4
KK6DZK,KN6DSE,4
KK6DZK,KN6EKC,2
KK6DZK,KN6EKW,2
KK6DZK,KN6GHD,1
KK6DZK,KR6DD,4
KK6DZK,KZ6DM,1
KK6DZK,N6IDV,2
KK6DZK,N6IHT,1
KK6DZK,N6YXJ,4
KK6DZK,N9DK,1
KK6DZK,NE5NA,2
KK6DZK,W6OWI,4
KK6DZK,WA1IAM,1
KK6DZK,WU6K,1
KK6EAW,AE6EO,1
KK6EAW,AG6SR,2
KK6EAW,AI6KG,1
KK6EAW,AI6SZ,3
KK6EAW,AJ6JN,3
KK6EAW,AJ6ME,4
KK6EAW,AJ6XZ,2
KK6EAW,K6FSH,4
KK6EAW,K6PAO,4
KK6EAW,K6ZJI,4
KK6EAW,KA6MZE,4
KK6EAW,KD6KDL,3
KK6EAW,KE6BJQ,4
KK6EAW,KE7JAC,4
KK6EAW,KF6ZSQ,4
KK6EAW,KG6TNE,1
KK6EAW,KG6VYI,1
KK6EAW,KG6VYP,4
KK6EAW,KI6HLH,3
KK6EAW,KI6LCP,1
KK6EAW,KI6MXP,1
KK6EAW,KI6PUR,4
KK6EAW,KI6PUW,4
KK6EAW,KI6PVA,4
KK6EAW,KI6VYM,4
KK6EAW,KJ6AMM,1
KK6EAW,KJ6MIN,4
KK6EAW,KK6DZK,2
KK6EAW,KK6EAW,0
KK6EAW,KK6EKN,1
KK6EAW,KK6LTH,1
KK6EAW,KK6LTX,1
KK6EAW,KK6LUA,4
KK6EAW,KK6TOZ,3
KK6EAW,KM6EEI,3
KK6EAW,KM6I,4
KK6EAW,KM6LTA,1
KK6EAW,KN6BAW,4
KK6EAW,KN6DSE,2
KK6EAW,KN6EKC,4
KK6EAW,KN6EKW,4
KK6EAW,KN6GHD,3
KK6EAW,KR6DD,4
KK6EAW,KZ6DM,1
KK6EAW,N6IDV,3
KK6EAW,N6IHT,1
KK6EAW,N6YXJ,3
KK6EAW,N9DK,1
KK6EAW,NE5NA,1
KK6EAW,W6OWI,4
KK6EAW,WA1IAM,3
KK6EAW,WU6K,4
KK6EKN,AE6EO,1
KK6EKN,AG6SR,1
KK6EKN,AI6KG,1
KK6EKN,AI6SZ,1
KK6EKN,AJ6JN,1
KK6EKN,AJ6ME,1
KK6EKN,AJ6XZ,1
KK6EKN,K6FSH,1
KK6EKN,K6PAO,1
KK6EKN,K6ZJI,2
KK6EKN,KA6MZE,1
KK6EKN,KD6KDL,2
KK6EKN,KE6BJQ,1
KK6EKN,KE7JAC,3
KK6EKN,KF6ZSQ,1
KK6EKN,KG6TNE,1
KK6EKN,KG6VYI,3
KK6EKN,KG6VYP,2
KK6EKN,KI6HLH,1
KK6EKN,KI6LCP,1
KK6EKN,KI6MXP,1
KK6EKN,KI6PUR,1
KK6EKN,KI6PUW,1
KK6EKN,KI6PVA,1
KK6EKN,KI6VYM,1
KK6EKN,KJ6AMM,1
KK6EKN,KJ6MIN,1
KK6EKN,KK6DZK,2
KK6EKN,KK6EAW,1
KK6EKN,KK6EKN,0
KK6EKN,KK6LTH,1
KK6EKN,KK6LTX,1
KK6EKN,KK6LUA,1
KK6EKN,KK6TOZ,3
KK6EKN,KM6EEI,1
KK6EKN,KM6I,1
KK6EKN,KM6LTA,1
KK6EKN,KN6BAW,1
KK6EKN,KN6DSE,1
KK6EKN,KN6EKC,2
KK6EKN,KN6EKW,1
KK6EKN,KN6GHD,2
KK6EKN,KR6DD,2
KK6EKN,KZ6DM,1
KK6EKN,N6IDV,1
KK6EKN,N6IHT,1
KK6EKN,N6YXJ,1
KK6EKN,N9DK,1
KK6EKN,NE5NA,1
KK6EKN,W6OWI,2
KK6EKN,WA1IAM,1
KK6EKN,WU6K,1
KK6LTH,AE6EO,1
KK6LTH,AG6SR,3
KK6LTH,AI6KG,1
KK6LTH,AI6SZ,1
KK6LTH,AJ6JN,1
KK6LTH,AJ6ME,1
KK6LTH,AJ6XZ,2
KK6LTH,K6FSH,1
KK6LTH,K6PAO,1
KK6LTH,K6ZJI,1
KK6LTH,KA6MZE,1
KK6LTH,KD6KDL,2
KK6LTH,KE6BJQ,1
KK6LTH,KE7JAC,2
KK6LTH,KF6ZSQ,1
KK6LTH,KG6TNE,3
KK6LTH,KG6VYI,1
KK6LTH,KG6VYP,2
KK6LTH,KI6HLH,1
KK6LTH,KI6LCP,2
KK6LTH,KI6MXP,1
KK6LTH,KI6PUR,1
KK6LTH,KI6PUW,1
KK6LTH,KI6PVA,1
KK6LTH,KI6VYM,2
KK6LTH,KJ6AMM,1
KK6LTH,KJ6MIN,2
KK6LTH,KK6DZK,2
KK6LTH,KK6EAW,1
KK6LTH,KK6EKN,1
KK6LTH,KK6LTH,0
KK6LTH,KK6LTX,2
KK6LTH,KK6LUA,4
KK6LTH,KK6TOZ,2
KK6LTH,KM6EEI,1
KK6LTH,KM6I,3
KK6LTH,KM6LTA,2
KK6LTH,KN6BAW,1
KK6LTH,KN6DSE,2
KK6LTH,KN6EKC,3
KK6LTH,KN6EKW,1
KK6LTH,KN6GHD,1
KK6LTH,KR6DD,2
KK6LTH,KZ6DM,1
KK6LTH,N6IDV,1
KK6LTH,N6IHT,1
KK6LTH,N6YXJ,1
KK6LTH,N9DK,1
KK6LTH,NE5NA,1
KK6LTH,W6OWI,1
KK6LTH,WA1IAM,1
KK6LTH,WU6K,1
KK6LTX,AE6EO,4
KK6LTX,AG6SR,1
KK6LTX,AI6KG,4
KK6LTX,AI6SZ,2
KK6LTX,AJ6JN,2
KK6LTX,AJ6ME,4
KK6LTX,AJ6XZ,1
KK6LTX,K6FSH,1
KK6LTX,K6PAO,3
KK6LTX,K6ZJI,2
KK6LTX,KA6MZE,2
KK6LTX,KD6KDL,2
KK6LTX,KE6BJQ,1
KK6LTX,KE7JAC,2
KK6LTX,KF6ZSQ,1
KK6LTX,KG6TNE,1
KK6LTX,KG6VYI,3
KK6LTX,KG6VYP,3
KK6LTX,KI6HLH,2
KK6LTX,KI6LCP,1
KK6LTX,KI6MXP,1
KK6LTX,KI6PUR,2
KK6LTX,KI6PUW,1
KK6LTX,KI6PVA,2
KK6LTX,KI6VYM,3
KK6LTX,KJ6AMM,1
KK6LTX,KJ6MIN,3
KK6LTX,KK6DZK,2
KK6LTX,KK6EAW,1
KK6LTX,KK6EKN,1
KK6LTX,KK6LTH,1
KK6LTX,KK6LTX,0
KK6LTX,KK6LUA,2
KK6LTX,KK6TOZ,3
KK6LTX,KM6EEI,2
KK6LTX,KM6I,4
KK6LTX,KM6LTA,2
KK6LTX,KN6BAW,4
KK6LTX,KN6DSE,2
KK6LTX,KN6EKC,2
KK6LTX,KN6EKW,4
KK6LTX,KN6GHD,2
KK6LTX,KR6DD,3
KK6LTX,KZ6DM,1
KK6LTX,N6IDV,1
KK6LTX,N6IHT,1
KK6LTX,N6YXJ,2
KK6LTX,N9DK,1
KK6LTX,NE5NA,1
KK6LTX,W6OWI,4
KK6LTX,WA1IAM,4
KK6LTX,WU6K,2
KK6LUA,AE6EO,4
KK6LUA,AG6SR,3
KK6LUA,AI6KG,1
KK6LUA,AI6SZ,3
KK6LUA,AJ6JN,2
KK6LUA,AJ6ME,4
KK6LUA,AJ6XZ,1
KK6LUA,K6FSH,1
KK6LUA,K6PAO,4
KK6LUA,K6ZJI,1
KK6LUA,KA6MZE,4
KK6LUA,KD6KDL,1
KK6LUA,KE6BJQ,4
KK6LUA,KE7JAC,3
KK6LUA,KF6ZSQ,1
KK6LUA,KG6TNE,3
KK6LUA,KG6VYI,2
KK6LUA,KG6VYP,4
KK6LUA,KI6HLH,1
KK6LUA,KI6LCP,3
KK6LUA,KI6MXP,1
KK6LUA,KI6PUR,1
KK6LUA,KI6PUW,4
KK6LUA,KI6PVA,4
KK6LUA,KI6VYM,1
KK6LUA,KJ6AMM,1
KK6LUA,KJ6MIN,4
KK6LUA,KK6DZK,4
KK6LUA,KK6EAW,4
KK6LUA,KK6EKN,4
KK6LUA,KK6LTH,1
KK6LUA,KK6LTX,1
KK6LUA,KK6LUA,0
KK6LUA,KK6TOZ,3
KK6LUA,KM6EEI,3
KK6LUA,KM6I,4
KK6LUA,KM6LTA,2
KK6LUA,KN6BAW,4
KK6LUA,KN6DSE,2
KK6LUA,KN6EKC,3
KK6LUA,KN6EKW,4
KK6LUA,KN6GHD,3
KK6LUA,KR6DD,4
KK6LUA,KZ6DM,1
KK6LUA,N6IDV,1
KK6LUA,N6IHT,1
KK6LUA,N6YXJ,3
KK6LUA,N9DK,1
KK6LUA,NE5NA,1
KK6LUA,W6OWI,1
KK6LUA,WA1IAM,1
KK6LUA,WU6K,1
KK6TOZ,AE6EO,1
KK6TOZ,AG6SR,3
KK6TOZ,AI6KG,1
KK6TOZ,AI6SZ,3
KK6TOZ,AJ6JN,1
KK6TOZ,AJ6ME,1
KK6TOZ,AJ6XZ,2
KK6TOZ,K6FSH,1
KK6TOZ,K6PAO,4
KK6TOZ,K6ZJI,3
KK6TOZ,KA6MZE,2
KK6TOZ,KD6KDL,2
KK6TOZ,KE6BJQ,3
KK6TOZ,KE7JAC,2
KK6TOZ,KF6ZSQ,1
KK6TOZ,KG6TNE,3
KK6TOZ,KG6VYI,3
KK6TOZ,KG6VYP,3
KK6TOZ,KI6HLH,1
KK6TOZ,KI6LCP,3
KK6TOZ,KI6MXP,1
KK6TOZ,KI6PUR,1
KK6TOZ,KI6PUW,4
KK6TOZ,KI6PVA,4
KK6TOZ,KI6VYM,1
KK6TOZ,KJ6AMM,1
KK6TOZ,KJ6MIN,3
KK6TOZ,KK6DZK,3
KK6TOZ,KK6EAW,3
KK6TOZ,KK6EKN,1
KK6TOZ,KK6LTH,1
KK6TOZ,KK6LTX,2
KK6TOZ,KK6LUA,4
KK6TOZ,KK6TOZ,0
KK6TOZ,KM6EEI,3
KK6TOZ,KM6I,1
KK6TOZ,KM6LTA,3
KK6TOZ,KN6BAW,2
KK6TOZ,KN6DSE,3
KK6TOZ,KN6EKC,3
KK6TOZ,KN6EKW,3
KK6TOZ,KN6GHD,2
KK6TOZ,KR6DD,3
KK6TOZ,KZ6DM,1
KK6TOZ,N6IDV,1
KK6TOZ,N6IHT,1
KK6TOZ,N6YXJ,3
KK6TOZ,N9DK,1
KK6TOZ,NE5NA,2
KK6TOZ,W6OWI,3
KK6TOZ,WA1IAM,1
KK6TOZ,WU6K,1
KM6EEI,AE6EO,1
KM6EEI,AG6SR,3
KM6EEI,AI6KG,2
KM6EEI,AI6SZ,1
KM6EEI,AJ6JN,1
KM6EEI,AJ6ME,4
KM6EEI,AJ6XZ,2
KM6EEI,K6FSH,2
KM6EEI,K6PAO,3
KM6EEI,K6ZJI,2
KM6EEI,KA6MZE,3
KM6EEI,KD6KDL,3
KM6EEI,KE6BJQ,2
KM6EEI,KE7JAC,3
KM6EEI,KF6ZSQ,2
KM6EEI,KG6TNE,3
KM6EEI,KG6VYI,3
KM6EEI,KG6VYP,3
KM6EEI,KI6HLH,3
KM6EEI,KI6LCP,3
KM6EEI,KI6MXP,2
KM6EEI,KI6PUR,3
KM6EEI,KI6PUW,2
KM6EEI,KI6PVA,2
KM6EEI,KI6VYM,3
KM6EEI,KJ6AMM,1
KM6EEI,KJ6MIN,4
KM6EEI,KK6DZK,3
KM6EEI,KK6EAW,3
KM6EEI,KK6EKN,2
KM6EEI,KK6LTH,1
KM6EEI,KK6LTX,3
KM6EEI,KK6LUA,3
KM6EEI,KK6TOZ,3
KM6EEI,KM6EEI,0
KM6EEI,KM6I,2
KM6EEI,KM6LTA,1
KM6EEI,KN6BAW,4
KM6EEI,KN6DSE,3
KM6EEI,KN6EKC,3
KM6EEI,KN6EKW,3
KM6EEI,KN6GHD,3
KM6EEI,KR6DD,3
KM6EEI,KZ6DM,2
KM6EEI,N6IDV,2
KM6EEI,N6IHT,2
KM6EEI,N6YXJ,1
KM6EEI,N9DK,1
KM6EEI,NE5NA,2
KM6EEI,W6OWI,3
KM6EEI,WA1IAM,2
KM6EEI,WU6K,2
KM6I,AE6EO,4
KM6I,AG6SR,3
KM6I,AI6KG,1
KM6I,AI6SZ,1
KM6I,AJ6JN,1
KM6I,AJ6ME,2
KM6I,AJ6XZ,4
KM6I,K6FSH,4
KM6I,K6PAO,4
KM6I,K6ZJI,1
KM6I,KA6MZE,1
KM6I,KD6KDL,1
KM6I,KE6BJQ,1
KM6I,KE7JAC,1
KM6I,KF6ZSQ,4
KM6I,KG6TNE,1
KM6I,KG6VYI,2
KM6I,KG6VYP,2
KM6I,KI6HLH,1
KM6I,KI6LCP,2
KM6I,KI6MXP,1
KM6I,KI6PUR,1
KM6I,KI6PUW,4
KM6I,KI6PVA,4
KM6I,KI6VYM,4
KM6I,KJ6AMM,1
KM6I,KJ6MIN,1
KM6I,KK6DZK,2
KM6I,KK6EAW,4
KM6I,KK6EKN,4
KM6I,KK6LTH,1
KM6I,KK6LTX,1
KM6I,KK6LUA,4
KM6I,KK6TOZ,1
KM6I,KM6EEI,4
KM6I,KM6I,0
KM6I,KM6LTA,4
KM6I,KN6BAW,1
KM6I,KN6DSE,2
KM6I,KN6EKC,2
KM6I,KN6EKW,2
KM6I,KN6GHD,4
KM6I,KR6DD,2
KM6I,KZ6DM,4
KM6I,N6IDV,4
KM6I,N6IHT,1
KM6I,N6YXJ,1
KM6I,N9DK,1
KM6I,NE5NA,1
KM6I,W6OWI,4
KM6I,WA1IAM,4
KM6I,WU6K,1
KM6LTA,AE6EO,1
KM6LTA,AG6SR,3
KM6LTA,AI6KG,1
KM6LTA,AI6SZ,2
KM6LTA,AJ6JN,1
KM6LTA,AJ6ME,1
KM6LTA,AJ6XZ,1
KM6LTA,K6FSH,1
KM6LTA,K6PAO,1
KM6LTA,K6ZJI,1
KM6LTA,KA6MZE,1
KM6LTA,KD6KDL,2
KM6LTA,KE6BJQ,2
KM6LTA,KE7JAC,3
KM6LTA,KF6ZSQ,1
KM6LTA,KG6TNE,1
KM6LTA,KG6VYI,3
KM6LTA,KG6VYP,2
KM6LTA,KI6HLH,1
KM6LTA,KI6LCP,1
KM6LTA,KI6MXP,1
KM6LTA,KI6PUR,2
KM6LTA,KI6PUW,1
KM6LTA,KI6PVA,1
KM6LTA,KI6VYM,3
KM6LTA,KJ6AMM,1
KM6LTA,KJ6MIN,3
KM6LTA,KK6DZK,3
KM6LTA,KK6EAW,1
KM6LTA,KK6EKN,1
KM6LTA,KK6LTH,1
KM6LTA,KK6LTX,2
KM6LTA,KK6LUA,3
KM6LTA,KK6TOZ,3
KM6LTA,KM6EEI,1
KM6LTA,KM6I,3
KM6LTA,KM6LTA,0
KM6LTA,KN6BAW,1
KM6LTA,KN6DSE,2
KM6LTA,KN6EKC,2
KM6LTA,KN6EKW,3
KM6LTA,KN6GHD,2
KM6LTA,KR6DD,3
KM6LTA,KZ6DM,1
KM6LTA,N6IDV,1
KM6LTA,N6IHT,1
KM6LTA,N6YXJ,1
KM6LTA,N9DK,1
KM6LTA,NE5NA,1
KM6LTA,W6OWI,2
KM6LTA,WA1IAM,1
KM6LTA,WU6K,2
KN6BAW,AE6EO,4
KN6BAW,AG6SR,4
KN6BAW,AI6KG,1
KN6BAW,AI6SZ,1
KN6BAW,AJ6JN,1
KN6BAW,AJ6ME,1
KN6BAW,AJ6XZ,4
KN6BAW,K6FSH,1
KN6BAW,K6PAO,4
KN6BAW,K6ZJI,2
KN6BAW,KA6MZE,3
KN6BAW,KD6KDL,3
KN6BAW,KE6BJQ,1
KN6BAW,KE7JAC,3
KN6BAW,KF6ZSQ,2
KN6BAW,KG6TNE,3
KN6BAW,KG6VYI,4
KN6BAW,KG6VYP,1
KN6BAW,KI6HLH,2
KN6BAW,KI6LCP,1
KN6BAW,KI6MXP,2
KN6BAW,KI6PUR,3
KN6BAW,KI6PUW,4
KN6BAW,KI6PVA,4
KN6BAW,KI6VYM,4
KN6BAW,KJ6AMM,1
KN6BAW,KJ6MIN,3
KN6BAW,KK6DZK,3
KN6BAW,KK6EAW,4
KN6BAW,KK6EKN,1
KN6BAW,KK6LTH,1
KN6BAW,KK6LTX,2
KN6BAW,KK6LUA,4
KN6BAW,KK6TOZ,4
KN6BAW,KM6EEI,4
KN6BAW,KM6I,4
KN6BAW,KM6LTA,1
KN6BAW,KN6BAW,0
KN6BAW,KN6DSE,3
KN6BAW,KN6EKC,3
KN6BAW,KN6EKW,3
KN6BAW,KN6GHD,3
KN6BAW,KR6DD,3
KN6BAW,KZ6DM,1
KN6BAW,N6IDV,4
KN6BAW,N6IHT,1
KN6BAW,N6YXJ,3
KN6BAW,N9DK,1
KN6BAW,NE5NA,1
KN6BAW,W6OWI,3
KN6BAW,WA1IAM,4
KN6BAW,WU6K,4
KN6DSE,AE6EO,4
KN6DSE,AG6SR,3
KN6DSE,AI6KG,1
KN6DSE,AI6SZ,1
KN6DSE,AJ6JN,1
KN6DSE,AJ6ME,2
KN6DSE,AJ6XZ,4
KN6DSE,K6FSH,1
KN6DSE,K6PAO,4
KN6DSE,K6ZJI,3
KN6DSE,KA6MZE,1
KN6DSE,KD6KDL,3
KN6DSE,KE6BJQ,2
KN6DSE,KE7JAC,3
KN6DSE,KF6ZSQ,1
KN6DSE,KG6TNE,4
KN6DSE,KG6VYI,1
KN6DSE,KG6VYP,4
KN6DSE,KI6HLH,3
KN6DSE,KI6LCP,3
KN6DSE,KI6MXP,3
KN6DSE,KI6PUR,1
KN6DSE,KI6PUW,4
KN6DSE,KI6PVA,4
KN6DSE,KI6VYM,4
KN6DSE,KJ6AMM,1
KN6DSE,KJ6MIN,4
KN6DSE,KK6DZK,3
KN6DSE,KK6EAW,4
KN6DSE,KK6EKN,1
KN6DSE,KK6LTH,1
KN6DSE,KK6LTX,3
KN6DSE,KK6LUA,4
KN6DSE,KK6TOZ,3
KN6DSE,KM6EEI,4
KN6DSE,KM6I,1
KN6DSE,KM6LTA,1
KN6DSE,KN6BAW,1
KN6DSE,KN6DSE,0
KN6DSE,KN6EKC,3
KN6DSE,KN6EKW,2
KN6DSE,KN6GHD,3
KN6DSE,KR6DD,3
KN6DSE,KZ6DM,1
KN6DSE,N6IDV,4
KN6DSE,N6IHT,1
KN6DSE,N6YXJ,1
KN6DSE,N9DK,1
KN6DSE,NE5NA,1
KN6DSE,W6OWI,4
KN6DSE,WA1IAM,4
KN6DSE,WU6K,1
KN6EKC,AE6EO,4
KN6EKC,AG6SR,3
KN6EKC,AI6KG,1
KN6EKC,AI6SZ,3
KN6EKC,AJ6JN,1
KN6EKC,AJ6ME,1
KN6EKC,AJ6XZ,2
KN6EKC,K6FSH,2
KN6EKC,K6PAO,3
KN6EKC,K6ZJI,2
KN6EKC,KA6MZE,3
KN6EKC,KD6KDL,3
KN6EKC,KE6BJQ,1
KN6EKC,KE7JAC,3
KN6EKC,KF6ZSQ,1
KN6EKC,KG6TNE,3
KN6EKC,KG6VYI,3
KN6EKC,KG6VYP,1
KN6EKC,KI6HLH,1
KN6EKC,KI6LCP,2
KN6EKC,KI6MXP,1
KN6EKC,KI6PUR,1
KN6EKC,KI6PUW,3
KN6EKC,KI6PVA,3
KN6EKC,KI6VYM,3
KN6EKC,KJ6AMM,1
KN6EKC,KJ6MIN,3
KN6EKC,KK6DZK,1
KN6EKC,KK6EAW,4
KN6EKC,KK6EKN,1
KN6EKC,KK6LTH,1
KN6EKC,KK6LTX,2
KN6EKC,KK6LUA,3
KN6EKC,KK6TOZ,3
KN6EKC,KM6EEI,3
KN6EKC,KM6I,3
KN6EKC,KM6LTA,1
KN6EKC,KN6BAW,1
KN6EKC,KN6DSE,3
KN6EKC,KN6EKC,0
KN6EKC,KN6EKW,1
KN6EKC,KN6GHD,3
KN6EKC,KR6DD,2
KN6EKC,KZ6DM,1
KN6EKC,N6IDV,1
KN6EKC,N6IHT,2
KN6EKC,N6YXJ,3
KN6EKC,N9DK,1
KN6EKC,NE5NA,1
KN6EKC,W6OWI,3
KN6EKC,WA1IAM,2
KN6EKC,WU6K,3
KN6EKW,AE6EO,4
KN6EKW,AG6SR,4
KN6EKW,AI6KG,1
KN6EKW,AI6SZ,4
KN6EKW,AJ6JN,1
KN6EKW,AJ6ME,2
KN6EKW,AJ6XZ,4
KN6EKW,K6FSH,1
KN6EKW,K6PAO,4
KN6EKW,K6ZJI,4
KN6EKW,KA6MZE,2
KN6EKW,KD6KDL,4
KN6EKW,KE6BJQ,4
KN6EKW,KE7JAC,4
KN6EKW,KF6ZSQ,2
KN6EKW,KG6TNE,4
KN6EKW,KG6VYI,1
KN6EKW,KG6VYP,4
KN6EKW,KI6HLH,1
KN6EKW,KI6LCP,2
KN6EKW,KI6MXP,1
KN6EKW,KI6PUR,1
KN6EKW,KI6PUW,4
KN6EKW,KI6PVA,4
KN6EKW,KI6VYM,4
KN6EKW,KJ6AMM,1
KN6EKW,KJ6MIN,4
KN6EKW,KK6DZK,2
KN6EKW,KK6EAW,4
KN6EKW,KK6EKN,1
KN6EKW,KK6LTH,1
KN6EKW,KK6LTX,2
KN6EKW,KK6LUA,4
KN6EKW,KK6TOZ,4
KN6EKW,KM6EEI,4
KN6EKW,KM6I,4
KN6EKW,KM6LTA,1
KN6EKW,KN6BAW,4
KN6EKW,KN6DSE,4
KN6EKW,KN6EKC,4
KN6EKW,KN6EKW,0
KN6EKW,KN6GHD,4
KN6EKW,KR6DD,1
KN6EKW,KZ6DM,4
KN6EKW,N6IDV,1
KN6EKW,N6IHT,2
KN6EKW,N6YXJ,4
KN6EKW,N9DK,4
KN6EKW,NE5NA,2
KN6EKW,W6OWI,4
KN6EKW,WA1IAM,4
KN6EKW,WU6K,1
KN6GHD,AE6EO,1
KN6GHD,AG6SR,3
KN6GHD,AI6KG,1
KN6GHD,AI6SZ,3
KN6GHD,AJ6JN,1
KN6GHD,AJ6ME,1
KN6GHD,AJ6XZ,1
KN6GHD,K6FSH,2
KN6GHD,K6PAO,4
KN6GHD,K6ZJI,1
KN6GHD,KA6MZE,3
KN6GHD,KD6KDL,2
KN6GHD,KE6BJQ,3
KN6GHD,KE7JAC,3
KN6GHD,KF6ZSQ,1
KN6GHD,KG6TNE,3
KN6GHD,KG6VYI,3
KN6GHD,KG6VYP,2
KN6GHD,KI6HLH,1
KN6GHD,KI6LCP,3
KN6GHD,KI6MXP,1
KN6GHD,KI6PUR,1
KN6GHD,KI6PUW,4
KN6GHD,KI6PVA,4
KN6GHD,KI6VYM,3
KN6GHD,KJ6AMM,1
KN6GHD,KJ6MIN,3
KN6GHD,KK6DZK,2
KN6GHD,KK6EAW,3
KN6GHD,KK6EKN,1
KN6GHD,KK6LTH,1
KN6GHD,KK6LTX,2
KN6GHD,KK6LUA,4
KN6GHD,KK6TOZ,2
KN6GHD,KM6EEI,2
KN6GHD,KM6I,2
KN6GHD,KM6LTA,1
KN6GHD,KN6BAW,2
KN6GHD,KN6DSE,3
KN6GHD,KN6EKC,3
KN6GHD,KN6EKW,1
KN6GHD,KN6GHD,0
KN6GHD,KR6DD,2
KN6GHD,KZ6DM,2
KN6GHD,N6IDV,1
KN6GHD,N6IHT,1
KN6GHD,N6YXJ,3
KN6GHD,N9DK,1
KN6GHD,NE5NA,1
KN6GHD,W6OWI,2
KN6GHD,WA1IAM,1
KN6GHD,WU6K,1
KR6DD,AE6EO,1
KR6DD,AG6SR,3
KR6DD,AI6KG,2
KR6DD,AI6SZ,3
KR6DD,AJ6JN,2
KR6DD,AJ6ME,2
KR6DD,AJ6XZ,3
KR6DD,K6FSH,3
KR6DD,K6PAO,4
KR6DD,K6ZJI,3
KR6DD,KA6MZE,3
KR6DD,KD6KDL,3
KR6DD,KE6BJQ,3
KR6DD,KE7JAC,3
KR6DD,KF6ZSQ,2
KR6DD,KG6TNE,3
KR6DD,KG6VYI,3
KR6DD,KG6VYP,3
KR6DD,KI6HLH,3
KR6DD,KI6LCP,3
KR6DD,KI6MXP,1
KR6DD,KI6PUR,2
KR6DD,KI6PUW,4
KR6DD,KI6PVA,4
KR6DD,KI6VYM,3
KR6DD,KJ6AMM,2
KR6DD,KJ6MIN,3
KR6DD,KK6DZK,3
KR6DD,KK6EAW,3
KR6DD,KK6EKN,2
KR6DD,KK6LTH,1
KR6DD,KK6LTX,3
KR6DD,KK6LUA,4
KR6DD,KK6TOZ,3
KR6DD,KM6EEI,3
KR6DD,KM6I,1
KR6DD,KM6LTA,2
KR6DD,KN6BAW,2
KR6DD,KN6DSE,3
KR6DD,KN6EKC,3
KR6DD,KN6EKW,3
KR6DD,KN6GHD,2
KR6DD,KR6DD,0
KR6DD,KZ6DM,2
KR6DD,N6IDV,3
KR6DD,N6IHT,2
KR6DD,N6YXJ,3
KR6DD,N9DK,1
KR6DD,NE5NA,1
KR6DD,W6OWI,3
KR6DD,WA1IAM,3
KR6DD,WU6K,2
KZ6DM,AE6EO,1
KZ6DM,AG6SR,3
KZ6DM,AI6KG,1
KZ6DM,AI6SZ,2
KZ6DM,AJ6JN,1
KZ6DM,AJ6ME,1
KZ6DM,AJ6XZ,1
KZ6DM,K6FSH,1
KZ6DM,K6PAO,1
KZ6DM,K6ZJI,1
KZ6DM,KA6MZE,1
KZ6DM,KD6KDL,1
KZ6DM,KE6BJQ,4
KZ6DM,KE7JAC,1
KZ6DM,KF6ZSQ,1
KZ6DM,KG6TNE,2
KZ6DM,KG6VYI,2
KZ6DM,KG6VYP,2
KZ6DM,KI6HLH,1
KZ6DM,KI6LCP,1
KZ6DM,KI6MXP,1
KZ6DM,KI6PUR,1
KZ6DM,KI6PUW,1
KZ6DM,KI6PVA,1
KZ6DM,KI6VYM,1
KZ6DM,KJ6AMM,1
KZ6DM,KJ6MIN,3
KZ6DM,KK6DZK,2
KZ6DM,KK6EAW,3
KZ6DM,KK6EKN,1
KZ6DM,KK6LTH,2
KZ6DM,KK6LTX,2
KZ6DM,KK6LUA,3
KZ6DM,KK6TOZ,2
KZ6DM,KM6EEI,1
KZ6DM,KM6I,3
KZ6DM,KM6LTA,2
KZ6DM,KN6BAW,1
KZ6DM,KN6DSE,3
KZ6DM,KN6EKC,3
KZ6DM,KN6EKW,1
KZ6DM,KN6GHD,3
KZ6DM,KR6DD,3
KZ6DM,KZ6DM,0
KZ6DM,N6IDV,1
KZ6DM,N6IHT,1
KZ6DM,N6YXJ,2
KZ6DM,N9DK,1
KZ6DM,NE5NA,1
KZ6DM,W6OWI,1
KZ6DM,WA1IAM,1
KZ6DM,WU6K,1
N6IDV,AE6EO,1
N6IDV,AG6SR,3
N6IDV,AI6KG,1
N6IDV,AI6SZ,2
N6IDV,AJ6JN,1
N6IDV,AJ6ME,4
N6IDV,AJ6XZ,1
N6IDV,K6FSH,1
N6IDV,K6PAO,1
N6IDV,K6ZJI,1
N6IDV,KA6MZE,4
N6IDV,KD6KDL,1
N6IDV,KE6BJQ,4
N6IDV,KE7JAC,1
N6IDV,KF6ZSQ,1
N6IDV,KG6TNE,3
N6IDV,KG6VYI,2
N6IDV,KG6VYP,3
N6IDV,KI6HLH,1
N6IDV,KI6LCP,1
N6IDV,KI6MXP,1
N6IDV,KI6PUR,1
N6IDV,KI6PUW,2
N6IDV,KI6PVA,2
N6IDV,KI6VYM,1
N6IDV,KJ6AMM,1
N6IDV,KJ6MIN,4
N6IDV,KK6DZK,3
N6IDV,KK6EAW,3
N6IDV,KK6EKN,1
N6IDV,KK6LTH,1
N6IDV,KK6LTX,2
N6IDV,KK6LUA,3
N6IDV,KK6TOZ,1
N6IDV,KM6EEI,2
N6IDV,KM6I,4
N6IDV,KM6LTA,1
N6IDV,KN6BAW,4
N6IDV,KN6DSE,2
N6IDV,KN6EKC,3
N6IDV,KN6EKW,4
N6IDV,KN6GHD,1
N6IDV,KR6DD,2
N6IDV,KZ6DM,1
N6IDV,N6IDV,0
N6IDV,N6IHT,1
N6IDV,N6YXJ,2
N6IDV,N9DK,1
N6IDV,NE5NA,1
N6IDV,W6OWI,2
N6IDV,WA1IAM,1
N6IDV,WU6K,1
N6IHT,AE6EO,1
N6IHT,AG6SR,3
N6IHT,AI6KG,1
N6IHT,AI6SZ,2
N6IHT,AJ6JN,1
N6IHT,AJ6ME,4
N6IHT,AJ6XZ,1
N6IHT,K6FSH,1
N6IHT,K6PAO,1
N6IHT,K6ZJI,1
N6IHT,KA6MZE,4
N6IHT,KD6KDL,1
N6IHT,KE6BJQ,4
N6IHT,KE7JAC,1
N6IHT,KF6ZSQ,2
N6IHT,KG6TNE,3
N6IHT,KG6VYI,2
N6IHT,KG6VYP,3
N6IHT,KI6HLH,1
N6IHT,KI6LCP,2
N6IHT,KI6MXP,1
N6IHT,KI6PUR,1
N6IHT,KI6PUW,2
N6IHT,KI6PVA,2
N6IHT,KI6VYM,2
N6IHT,KJ6AMM,1
N6IHT,KJ6MIN,4
N6IHT,KK6DZK,3
N6IHT,KK6EAW,2
N6IHT,KK6EKN,1
N6IHT,KK6LTH,1
N6IHT,KK6LTX,2
N6IHT,KK6LUA,2
N6IHT,KK6TOZ,2
N6IHT,KM6EEI,1
N6IHT,KM6I,4
N6IHT,KM6LTA,1
N6IHT,KN6BAW,4
N6IHT,KN6DSE,3
N6IHT,KN6EKC,2
N6IHT,KN6EKW,1
N6IHT,KN6GHD,1
N6IHT,KR6DD,2
N6IHT,KZ6DM,1
N6IHT,N6IDV,1
N6IHT,N6IHT,0
N6IHT,N6YXJ,1
N6IHT,N9DK,1
N6IHT,NE5NA,1
N6IHT,W6OWI,2
N6IHT,WA1IAM,1
N6IHT,WU6K,2
N6YXJ,N6YXJ,0
N9DK,AE6EO,1
N9DK,AG6SR,3
N9DK,AI6KG,1
N9DK,AI6SZ,2
N9DK,AJ6JN,1
N9DK,AJ6ME,1
N9DK,AJ6XZ,1
N9DK,K6FSH,1
N9DK,K6PAO,2
N9DK,K6ZJI,1
N9DK,KA6MZE,1
N9DK,KD6KDL,1
N9DK,KE6BJQ,4
N9DK,KE7JAC,1
N9DK,KF6ZSQ,1
N9DK,KG6TNE,3
N9DK,KG6VYI,1
N9DK,KG6VYP,3
N9DK,KI6HLH,1
N9DK,KI6LCP,1
N9DK,KI6MXP,1
N9DK,KI6PUR,1
N9DK,KI6PUW,3
N9DK,KI6PVA,2
N9DK,KI6VYM,1
N9DK,KJ6AMM,1
N9DK,KJ6MIN,1
N9DK,KK6DZK,1
N9DK,KK6EAW,1
N9DK,KK6EKN,1
N9DK,KK6LTH,1
N9DK,KK6LTX,1
N9DK,KK6LUA,1
N9DK,KK6TOZ,2
N9DK,KM6EEI,1
N9DK,KM6I,1
N9DK,KM6LTA,2
N9DK,KN6BAW,4
N9DK,KN6DSE,3
N9DK,KN6EKC,2
N9DK,KN6EKW,1
N9DK,KN6GHD,2
N9DK,KR6DD,2
N9DK,KZ6DM,1
N9DK,N6IDV,1
N9DK,N6IHT,1
N9DK,N6YXJ,3
N9DK,N9DK,0
N9DK,NE5NA,1
N9DK,W6OWI,1
N9DK,WA1IAM,1
N9DK,WU6K,1
NE5NA,AE6EO,1
NE5NA,AG6SR,1
NE5NA,AI6KG,1
NE5NA,AI6SZ,2
NE5NA,AJ6JN,1
NE5NA,AJ6ME,4
NE5NA,AJ6XZ,2
NE5NA,K6FSH,1
NE5NA,K6PAO,1
NE5NA,K6ZJI,1
NE5NA,KA6MZE,4
NE5NA,KD6KDL,1
NE5NA,KE6BJQ,4
NE5NA,KE7JAC,3
NE5NA,KF6ZSQ,1
NE5NA,KG6TNE,1
NE5NA,KG6VYI,2
NE5NA,KG6VYP,3
NE5NA,KI6HLH,1
NE5NA,KI6LCP,1
NE5NA,KI6MXP,1
NE5NA,KI6PUR,1
NE5NA,KI6PUW,1
NE5NA,KI6PVA,1
NE5NA,KI6VYM,2
NE5NA,KJ6AMM,2
NE5NA,KJ6MIN,4
NE5NA,KK6DZK,2
NE5NA,KK6EAW,1
NE5NA,KK6EKN,1
NE5NA,KK6LTH,1
NE5NA,KK6LTX,2
NE5NA,KK6LUA,2
NE5NA,KK6TOZ,3
NE5NA,KM6EEI,1
NE5NA,KM6I,4
NE5NA,KM6LTA,1
NE5NA,KN6BAW,4
NE5NA,KN6DSE,1
NE5NA,KN6EKC,3
NE5NA,KN6EKW,4
NE5NA,KN6GHD,3
NE5NA,KR6DD,2
NE5NA,KZ6DM,1
NE5NA,N6IDV,1
NE5NA,N6IHT,1
NE5NA,N6YXJ,3
NE5NA,N9DK,1
NE5NA,NE5NA,0
NE5NA,W6OWI,1
NE5NA,WA1IAM,1
NE5NA,WU6K,1
W6OWI,W6OWI,0
WA1IAM,AE6EO,1
WA1IAM,AG6SR,3
WA1IAM,AI6KG,1
WA1IAM,AI6SZ,2
WA1IAM,AJ6JN,1
WA1IAM,AJ6ME,4
WA1IAM,AJ6XZ,1
WA1IAM,K6FSH,1
WA1IAM,K6PAO,1
WA1IAM,K6ZJI,1
WA1IAM,KA6MZE,4
WA1IAM,KD6KDL,1
WA1IAM,KJ6AMM,1
WA1IAM,KJ6MIN,4
WA1IAM,KK6DZK,3
WA1IAM,KK6EAW,3
WA1IAM,KK6EKN,1
WA1IAM,KK6LTH,1
WA1IAM,KK6LTX,2
WA1IAM,KK6LUA,3
WA1IAM,KK6TOZ,1
WA1IAM,KM6EEI,2
WA1IAM,KM6I,4
WA1IAM,KM6LTA,1
WA1IAM,KN6BAW,4
WA1IAM,KN6DSE,2
WA1IAM,KN6EKC,3
WA1IAM,KN6EKW,1
WA1IAM,KN6GHD,2
WA1IAM,KR6DD,2
WA1IAM,KZ6DM,1
WA1IAM,N6IDV,1
WA1IAM,N6IHT,1
WA1IAM,N6YXJ,3
WA1IAM,N9DK,1
WA1IAM,NE5NA,1
WA1IAM,W6OWI,2
WA1IAM,WA1IAM,0
WA1IAM,WU6K,1
WU6K,AE6EO,1
WU6K,AG6SR,3
WU6K,AI6KG,1
WU6K,AI6SZ,2
WU6K,AJ6JN,1
WU6K,AJ6ME,2
WU6K,AJ6XZ,1
WU6K,K6FSH,2
WU6K,K6PAO,3
WU6K,K6ZJI,2
WU6K,KA6MZE,2
WU6K,KD6KDL,1
WU6K,KJ6AMM,1
WU6K,KJ6MIN,2
WU6K,KK6DZK,3
WU6K,KK6EAW,3
WU6K,KK6EKN,1
WU6K,KK6LTH,1
WU6K,KK6LTX,2
WU6K,KK6LUA,3
WU6K,KK6TOZ,2
WU6K,KM6EEI,1
WU6K,KM6I,1
WU6K,KM6LTA,3
WU6K,KN6BAW,4
WU6K,KN6DSE,3
WU6K,KN6EKC,3
WU6K,KN6EKW,2
WU6K,KN6GHD,2
WU6K,KR6DD,3
WU6K,KZ6DM,1
WU6K,N6IDV,1
WU6K,N6IHT,1
WU6K,N6YXJ,3
WU6K,N9DK,1
WU6K,NE5NA,1
WU6K,W6OWI,2
WU6K,WA1IAM,1
WU6K,WU6K,0